key,local_date,window,window_label,local_start,precip30,ltng30,ltng10,xwind,headtail,vis200,rh98,low_f,high_f,sources,generated_utc,sky_pct
2026100600,2026-10-06,1,00-03L,2026-10-06 00:00,100,25,0,15,0,,10,75,,7,2026-10-06T17:19Z,95
2026100603,2026-10-06,2,03-06L,2026-10-06 03:00,95,100,0,5,0,,15,,,7,2026-10-06T17:19Z,95
2026100606,2026-10-06,3,06-09L,2026-10-06 06:00,80,40,0,0,0,,25,,,8,2026-10-06T17:19Z,75
2026100609,2026-10-06,4,09-12L,2026-10-06 09:00,65,5,5,5,0,0,0,,,10,2026-10-06T17:19Z,75
2026100612,2026-10-06,5,12-15L,2026-10-06 12:00,90,40,10,10,0,0,0,,83,10,2026-10-06T17:19Z,85
2026100615,2026-10-06,6,15-18L,2026-10-06 15:00,100,90,55,5,0,0,0,,,10,2026-10-06T17:19Z,90
2026100618,2026-10-06,7,18-21L,2026-10-06 18:00,100,95,50,10,5,0,15,,,10,2026-10-06T17:19Z,85
2026100621,2026-10-06,8,21-24L,2026-10-06 21:00,100,60,20,15,0,0,40,,,10,2026-10-06T17:19Z,90
2026100700,2026-10-07,1,00-03L,2026-10-07 00:00,95,15,10,10,0,0,35,74,,10,2026-10-06T17:19Z,90
2026100703,2026-10-07,2,03-06L,2026-10-07 03:00,100,10,10,15,0,0,15,,,10,2026-10-06T17:19Z,90
2026100706,2026-10-07,3,06-09L,2026-10-07 06:00,95,55,20,20,0,0,35,,,10,2026-10-06T17:19Z,90
2026100709,2026-10-07,4,09-12L,2026-10-07 09:00,100,55,55,25,0,0,10,,,10,2026-10-06T17:19Z,85
2026100712,2026-10-07,5,12-15L,2026-10-07 12:00,100,45,40,55,0,0,0,,80,10,2026-10-06T17:19Z,90
2026100715,2026-10-07,6,15-18L,2026-10-07 15:00,100,50,45,65,0,0,0,,,10,2026-10-06T17:19Z,95
2026100718,2026-10-07,7,18-21L,2026-10-07 18:00,100,50,15,70,5,0,5,,,10,2026-10-06T17:19Z,90
2026100721,2026-10-07,8,21-24L,2026-10-07 21:00,95,10,10,60,0,0,5,,,10,2026-10-06T17:19Z,90
2026100800,2026-10-08,1,00-03L,2026-10-08 00:00,90,85,10,35,0,0,10,74,,10,2026-10-06T17:19Z,90
2026100803,2026-10-08,2,03-06L,2026-10-08 03:00,90,85,85,50,0,0,5,,,10,2026-10-06T17:19Z,85
2026100806,2026-10-08,3,06-09L,2026-10-08 06:00,95,85,85,50,0,35,10,,,10,2026-10-06T17:19Z,90
2026100809,2026-10-08,4,09-12L,2026-10-08 09:00,90,30,30,40,0,0,0,,,9,2026-10-06T17:19Z,85
2026100812,2026-10-08,5,12-15L,2026-10-08 12:00,95,30,30,40,0,0,0,,82,9,2026-10-06T17:19Z,90
2026100815,2026-10-08,6,15-18L,2026-10-08 15:00,95,50,40,40,0,0,0,,,9,2026-10-06T17:19Z,95
2026100818,2026-10-08,7,18-21L,2026-10-08 18:00,95,50,40,40,0,0,5,,,9,2026-10-06T17:19Z,90
2026100821,2026-10-08,8,21-24L,2026-10-08 21:00,90,35,30,60,0,35,10,,,7,2026-10-06T17:19Z,85
2026100900,2026-10-09,1,00-03L,2026-10-09 00:00,85,35,30,40,0,0,10,75,,7,2026-10-06T17:19Z,80
2026100903,2026-10-09,2,03-06L,2026-10-09 03:00,80,30,25,55,0,0,10,,,7,2026-10-06T17:19Z,80
2026100906,2026-10-09,3,06-09L,2026-10-09 06:00,80,30,25,60,0,0,20,,,7,2026-10-06T17:19Z,70
2026100909,2026-10-09,4,09-12L,2026-10-09 09:00,80,25,25,65,0,0,0,,,7,2026-10-06T17:19Z,65
2026100912,2026-10-09,5,12-15L,2026-10-09 12:00,85,25,25,70,5,0,0,,83,7,2026-10-06T17:19Z,70
2026100915,2026-10-09,6,15-18L,2026-10-09 15:00,85,35,30,75,5,,0,,,6,2026-10-06T17:19Z,75
2026100918,2026-10-09,7,18-21L,2026-10-09 18:00,80,35,30,70,5,,5,,,6,2026-10-06T17:19Z,80
2026100921,2026-10-09,8,21-24L,2026-10-09 21:00,70,25,25,70,5,,5,,,6,2026-10-06T17:19Z,80
2026101000,2026-10-10,1,00-03L,2026-10-10 00:00,75,25,25,60,5,,5,77,,6,2026-10-06T17:19Z,80
2026101003,2026-10-10,2,03-06L,2026-10-10 03:00,75,20,20,45,5,,20,,,6,2026-10-06T17:19Z,75
2026101006,2026-10-10,3,06-09L,2026-10-10 06:00,75,20,20,40,5,,20,,,6,2026-10-06T17:19Z,75
2026101009,2026-10-10,4,09-12L,2026-10-10 09:00,80,35,30,15,40,,0,,,6,2026-10-06T17:19Z,65
2026101012,2026-10-10,5,12-15L,2026-10-10 12:00,85,35,30,60,50,,0,,84,6,2026-10-06T17:19Z,65
2026101015,2026-10-10,6,15-18L,2026-10-10 15:00,90,45,45,60,55,,0,,,6,2026-10-06T17:19Z,70
2026101018,2026-10-10,7,18-21L,2026-10-10 18:00,90,45,45,60,55,,5,,,6,2026-10-06T17:19Z,80
2026101021,2026-10-10,8,21-24L,2026-10-10 21:00,75,35,35,10,60,,5,,,6,2026-10-06T17:19Z,75
2026101100,2026-10-11,1,00-06L,2026-10-11 00:00,75,35,35,5,55,,5,77,,6,2026-10-06T17:19Z,65
2026101106,2026-10-11,2,06-12L,2026-10-11 06:00,65,30,25,5,35,,20,,,6,2026-10-06T17:19Z,60
2026101112,2026-10-11,3,12-18L,2026-10-11 12:00,85,35,35,15,60,,0,,86,6,2026-10-06T17:19Z,60
2026101118,2026-10-11,4,18-24L,2026-10-11 18:00,80,35,35,15,15,,10,,,6,2026-10-06T17:19Z,70
2026101200,2026-10-12,1,00-06L,2026-10-12 00:00,25,25,25,10,5,,20,75,,6,2026-10-06T17:19Z,50
2026101206,2026-10-12,2,06-12L,2026-10-12 06:00,25,20,15,15,0,,35,,,6,2026-10-06T17:19Z,50
2026101212,2026-10-12,3,12-18L,2026-10-12 12:00,70,30,30,25,0,,0,,85,6,2026-10-06T17:19Z,55
2026101218,2026-10-12,4,18-24L,2026-10-12 18:00,65,30,30,25,5,,10,,,6,2026-10-06T17:19Z,50
