key,local_date,window,window_label,local_start,precip30,ltng30,ltng10,xwind,headtail,vis200,rh98,low_f,high_f,sources,generated_utc
2026100500,2026-10-05,1,00-11L,2026-10-05 00:00,45,,,0,0,,20,76,,3,2026-10-06T21:46Z
2026100511,2026-10-05,2,11-18L,2026-10-05 11:00,95,,,10,5,,0,,87,3,2026-10-06T21:46Z
2026100518,2026-10-05,3,18-24L,2026-10-05 18:00,100,,,5,0,,20,,,5,2026-10-06T21:46Z
2026100600,2026-10-06,1,00-11L,2026-10-06 00:00,100,100,0,10,0,,25,75,,6,2026-10-06T21:46Z
2026100611,2026-10-06,2,11-18L,2026-10-06 11:00,100,95,75,20,0,0,0,,83,9,2026-10-06T21:46Z
2026100618,2026-10-06,3,18-24L,2026-10-06 18:00,100,95,65,15,5,0,40,,,9,2026-10-06T21:46Z
2026100700,2026-10-07,1,00-11L,2026-10-07 00:00,100,75,15,25,0,0,40,74,,9,2026-10-06T21:46Z
2026100711,2026-10-07,2,11-18L,2026-10-07 11:00,100,80,50,70,10,0,0,,80,9,2026-10-06T21:46Z
2026100718,2026-10-07,3,18-24L,2026-10-07 18:00,100,80,15,65,5,0,20,,,9,2026-10-06T21:46Z
2026100800,2026-10-08,1,00-11L,2026-10-08 00:00,95,85,85,55,0,0,20,74,,9,2026-10-06T21:46Z
2026100811,2026-10-08,2,11-18L,2026-10-08 11:00,100,90,10,30,0,0,0,,81,9,2026-10-06T21:46Z
2026100818,2026-10-08,3,18-24L,2026-10-08 18:00,100,55,45,40,0,,10,,,7,2026-10-06T21:46Z
2026100900,2026-10-09,1,00-11L,2026-10-09 00:00,95,30,30,70,0,,40,75,,5,2026-10-06T21:46Z
2026100911,2026-10-09,2,11-18L,2026-10-09 11:00,95,40,35,75,5,0,0,,83,6,2026-10-06T21:46Z
2026100918,2026-10-09,3,18-24L,2026-10-09 18:00,95,40,35,75,0,,5,,,5,2026-10-06T21:46Z
2026101000,2026-10-10,1,00-11L,2026-10-10 00:00,95,35,30,65,10,,10,77,,5,2026-10-06T21:46Z
2026101011,2026-10-10,2,11-18L,2026-10-10 11:00,95,45,45,65,75,,0,,84,5,2026-10-06T21:46Z
2026101018,2026-10-10,3,18-24L,2026-10-10 18:00,95,45,45,30,75,,5,,,5,2026-10-06T21:46Z
2026101100,2026-10-11,1,00-11L,2026-10-11 00:00,85,30,30,5,60,,25,77,,5,2026-10-06T21:46Z
2026101111,2026-10-11,2,11-18L,2026-10-11 11:00,90,35,30,15,70,,0,,86,5,2026-10-06T21:46Z
2026101118,2026-10-11,3,18-24L,2026-10-11 18:00,80,35,30,20,15,,10,,,5,2026-10-06T21:46Z
2026101200,2026-10-12,1,00-11L,2026-10-12 00:00,30,25,25,20,5,,80,75,,5,2026-10-06T21:46Z
2026101211,2026-10-12,2,11-18L,2026-10-12 11:00,35,30,25,25,0,,0,,85,5,2026-10-06T21:46Z
2026101218,2026-10-12,3,18-24L,2026-10-12 18:00,30,30,25,25,5,,10,,,5,2026-10-06T21:46Z
2026101300,2026-10-13,1,00-11L,2026-10-13 00:00,25,25,20,15,0,,40,73,,5,2026-10-06T21:46Z
2026101311,2026-10-13,2,11-18L,2026-10-13 11:00,25,10,10,25,5,,0,,84,5,2026-10-06T21:46Z
2026101318,2026-10-13,3,18-24L,2026-10-13 18:00,20,10,5,25,10,,5,,,5,2026-10-06T21:46Z
