ValidTime,WDIR_10 m above ground,WIND_10 m above ground,GUST_10 m above ground,GUST_10 m above ground_5% level,GUST_10 m above ground_10% level,GUST_10 m above ground_15% level,GUST_10 m above ground_20% level,GUST_10 m above ground_25% level,GUST_10 m above ground_30% level,GUST_10 m above ground_35% level,GUST_10 m above ground_40% level,GUST_10 m above ground_45% level,GUST_10 m above ground_50% level,GUST_10 m above ground_55% level,GUST_10 m above ground_60% level,GUST_10 m above ground_65% level,GUST_10 m above ground_70% level,GUST_10 m above ground_75% level,GUST_10 m above ground_80% level,GUST_10 m above ground_85% level,GUST_10 m above ground_90% level,GUST_10 m above ground_95% level,WIND_10 m above ground_5% level,WIND_10 m above ground_10% level,WIND_10 m above ground_15% level,WIND_10 m above ground_20% level,WIND_10 m above ground_25% level,WIND_10 m above ground_30% level,WIND_10 m above ground_35% level,WIND_10 m above ground_40% level,WIND_10 m above ground_45% level,WIND_10 m above ground_50% level,WIND_10 m above ground_55% level,WIND_10 m above ground_60% level,WIND_10 m above ground_65% level,WIND_10 m above ground_70% level,WIND_10 m above ground_75% level,WIND_10 m above ground_80% level,WIND_10 m above ground_85% level,WIND_10 m above ground_90% level,WIND_10 m above ground_95% level,RH_2 m above ground,RH_2 m above ground_5% level,RH_2 m above ground_10% level,RH_2 m above ground_15% level,RH_2 m above ground_20% level,RH_2 m above ground_25% level,RH_2 m above ground_30% level,RH_2 m above ground_35% level,RH_2 m above ground_40% level,RH_2 m above ground_45% level,RH_2 m above ground_50% level,RH_2 m above ground_55% level,RH_2 m above ground_60% level,RH_2 m above ground_65% level,RH_2 m above ground_70% level,RH_2 m above ground_75% level,RH_2 m above ground_80% level,RH_2 m above ground_85% level,RH_2 m above ground_90% level,RH_2 m above ground_95% level,TMP_2 m above ground,SOURCES,MEMBERS
2026100708,25,1.18,2.16,0.72,1.0,1.29,1.59,1.7,2.01,2.01,2.02,2.07,2.16,2.22,2.45,2.52,2.56,3.09,4.27,5.73,6.0,7.1,0.04,0.1,0.1,0.14,0.5,0.72,0.76,0.78,0.98,1.18,1.2,1.28,1.4,1.58,1.75,2.01,2.16,2.62,3.04,95.3,91.0,92.5,92.6,92.7,93.0,93.0,93.3,94.0,95.0,95.3,95.4,95.6,96.0,97.0,98.0,98.0,98.5,99.0,100.0,297.15,7,121
2026100709,36,1.18,2.58,0.41,0.82,0.83,1.05,1.18,1.5,1.83,2.13,2.44,2.58,2.78,2.78,2.84,3.23,4.12,4.51,5.62,6.14,6.19,0.41,0.51,0.67,0.85,0.95,1.03,1.03,1.05,1.09,1.18,1.19,1.22,1.27,1.34,1.44,1.82,2.06,2.06,2.32,95.0,91.0,91.8,91.9,92.0,93.6,94.2,94.2,94.3,94.6,95.0,95.5,97.0,97.0,97.0,97.5,98.0,98.3,99.0,100.0,297.05,7,121
2026100710,7,1.39,2.53,0.73,0.98,1.31,1.34,1.39,1.44,1.59,2.01,2.11,2.53,2.58,2.62,2.98,2.98,3.15,3.7,4.4,4.62,5.6,0.46,0.72,0.77,0.82,0.82,1.03,1.18,1.31,1.34,1.39,1.39,1.39,1.4,1.44,1.52,1.58,1.73,2.01,2.11,95.1,91.0,91.7,92.6,92.6,92.9,93.2,93.3,94.2,94.6,95.1,96.0,97.0,98.0,98.0,98.1,98.3,98.4,99.0,100.0,297.09,7,121
2026100711,6,1.54,3.19,0.82,0.87,1.43,1.88,2.22,2.42,2.53,2.8,3.09,3.19,3.19,3.23,3.29,3.35,3.81,3.91,3.91,4.32,5.61,0.79,0.86,0.93,1.08,1.09,1.17,1.31,1.44,1.44,1.54,1.55,1.75,1.8,1.82,1.88,2.06,2.06,2.1,2.48,95.1,88.3,91.2,92.0,92.3,92.5,92.8,93.2,94.7,95.0,95.1,95.8,96.1,96.6,98.0,99.0,99.0,99.4,100.0,100.0,297.1,7,121
2026100712,12,1.65,3.11,0.98,1.4,1.59,1.97,2.16,2.41,2.83,2.98,3.02,3.11,3.4,3.4,3.42,3.56,3.81,3.86,4.3,5.13,7.1,0.64,0.85,0.9,0.98,1.03,1.35,1.54,1.55,1.59,1.65,1.75,1.83,2.01,2.01,2.04,2.06,2.14,2.75,4.01,94.6,89.3,92.0,92.3,92.6,93.0,93.2,93.4,93.8,94.3,94.6,94.9,95.2,96.0,97.0,97.0,97.6,98.0,99.0,100.0,297.15,7,121
2026100713,19,1.8,3.5,1.29,1.39,1.93,2.02,2.2,2.68,2.88,2.98,3.14,3.5,3.5,3.5,3.57,3.6,3.82,4.12,4.65,5.19,6.02,0.41,0.87,1.06,1.18,1.39,1.39,1.49,1.59,1.8,1.8,2.06,2.09,2.16,2.21,2.21,2.24,2.52,2.92,3.29,92.8,85.5,86.9,87.1,88.8,89.2,90.6,91.0,91.8,92.0,92.8,93.8,94.0,95.0,95.0,95.3,95.8,97.0,97.0,97.9,297.98,7,121
2026100714,23,2.27,3.09,1.23,1.95,1.98,2.28,2.78,2.78,2.93,3.0,3.09,3.09,3.96,4.01,4.03,4.12,4.15,4.71,5.64,6.08,6.58,0.51,1.18,1.25,1.54,1.62,1.95,2.11,2.16,2.17,2.27,2.42,2.42,2.44,2.52,2.58,2.77,2.82,3.12,3.24,90.7,78.2,78.5,79.8,85.4,86.0,86.0,87.0,88.9,89.6,90.7,91.0,91.1,91.4,92.0,93.0,94.0,95.0,96.0,97.0,298.82,7,121
2026100715,16,2.78,4.48,0.82,1.54,1.9,1.95,2.44,3.23,3.29,3.37,3.95,4.48,4.48,4.54,4.63,4.63,4.66,5.05,5.09,5.23,5.88,0.67,0.76,0.85,1.38,1.59,1.7,1.91,2.35,2.6,2.78,2.78,2.8,3.04,3.1,3.24,3.24,3.29,3.34,3.4,87.9,76.2,79.6,81.4,84.0,85.0,85.1,86.0,87.0,87.0,87.9,88.1,88.5,89.0,89.0,89.2,90.0,91.9,93.0,96.7,299.26,7,121
2026100716,25,2.79,4.47,1.49,2.21,2.22,3.16,3.29,3.93,4.37,4.4,4.43,4.47,4.63,4.78,5.2,5.3,5.58,5.92,6.02,6.17,6.96,0.84,1.36,1.7,1.77,1.85,2.23,2.59,2.72,2.78,2.79,2.82,2.98,3.03,3.12,3.16,3.6,3.74,4.22,4.26,86.5,81.1,81.2,82.3,85.0,85.1,85.4,86.0,86.0,86.0,86.5,87.0,87.5,87.9,89.0,90.0,90.4,91.0,92.6,96.0,299.59,7,121
2026100717,31,3.0,4.83,1.85,2.57,2.57,2.89,4.22,4.32,4.72,4.78,4.78,4.83,4.96,5.05,5.15,5.93,7.03,7.36,8.04,8.72,10.87,1.34,1.37,1.8,2.01,2.06,2.57,2.57,2.97,2.98,3.0,3.09,3.1,3.63,3.65,4.06,4.27,4.27,4.8,5.44,85.4,79.0,80.3,81.9,82.0,82.6,82.7,83.2,85.0,85.0,85.4,86.8,88.6,89.5,90.3,90.4,91.0,92.0,94.0,95.7,299.65,7,121
2026100718,38,3.33,5.12,2.58,2.64,3.16,3.74,4.32,4.35,4.59,5.09,5.1,5.12,5.15,5.93,6.8,8.08,8.46,8.67,9.01,9.6,9.98,1.3,2.01,2.16,2.2,2.57,3.01,3.12,3.29,3.29,3.33,3.49,3.6,3.6,3.64,4.01,4.82,5.17,5.3,5.81,86.7,75.1,75.7,79.8,81.6,84.0,85.0,85.1,86.0,86.0,86.7,88.3,88.9,89.2,89.6,90.2,90.6,92.1,92.5,96.0,299.48,7,121
2026100719,45,3.33,4.93,1.7,2.07,2.13,3.34,3.7,3.76,4.35,4.89,4.89,4.93,5.1,5.23,6.3,6.9,7.92,8.1,8.57,11.07,11.18,1.27,1.49,2.11,2.15,2.62,2.93,2.94,3.29,3.29,3.33,3.38,3.49,3.61,3.76,4.63,4.72,5.66,5.91,6.32,88.0,77.0,78.1,79.0,80.0,80.6,81.4,82.6,86.0,86.6,88.0,88.0,88.5,89.0,89.4,91.0,91.3,92.7,95.0,96.0,298.93,7,121
2026100720,51,3.29,4.99,1.38,2.27,2.98,3.6,4.12,4.22,4.32,4.68,4.99,4.99,5.09,5.36,5.7,6.42,6.82,7.94,8.35,8.84,12.81,0.88,1.7,2.23,2.42,2.62,3.03,3.24,3.24,3.29,3.29,3.33,3.6,3.6,3.7,3.86,3.99,4.47,6.08,6.15,88.1,80.0,81.2,81.4,83.7,84.7,86.0,86.6,86.7,88.0,88.1,89.0,90.0,90.1,90.3,90.7,92.0,92.4,94.4,97.0,298.47,7,121
2026100721,50,3.04,5.6,1.17,2.78,4.06,4.12,4.58,4.91,4.99,5.06,5.5,5.6,5.67,5.79,6.0,6.44,7.01,7.84,10.07,10.39,13.94,0.46,1.21,1.68,2.34,2.62,2.68,2.98,2.98,3.01,3.04,3.09,3.13,3.7,3.7,3.91,4.19,4.56,5.35,6.12,87.7,79.4,82.8,83.7,84.2,84.7,85.0,85.1,85.3,85.7,87.7,90.0,91.2,92.0,92.0,92.6,93.0,94.0,96.0,97.7,298.02,7,121
2026100722,50,2.93,5.15,1.51,2.11,2.73,4.48,4.57,4.62,4.89,4.9,4.93,5.15,5.45,5.57,6.38,7.92,8.18,8.39,10.68,11.3,13.38,0.96,1.31,1.44,2.01,2.56,2.57,2.74,2.77,2.81,2.93,2.98,3.09,3.13,3.34,4.27,4.63,4.91,6.11,6.24,91.0,80.8,82.3,84.0,87.0,88.0,88.3,88.8,89.3,89.7,91.0,92.0,92.1,92.3,93.0,93.4,95.2,95.8,96.9,98.0,297.62,7,120
2026100723,50,2.62,4.66,1.37,1.9,2.5,3.81,3.99,4.38,4.52,4.59,4.62,4.66,5.4,5.58,6.38,7.09,8.08,9.31,10.63,12.08,12.24,0.97,1.23,1.44,1.68,1.96,2.19,2.29,2.57,2.62,2.62,2.65,3.0,3.55,3.86,4.64,5.04,5.21,5.25,5.47,94.0,82.3,84.1,87.2,90.0,90.1,90.7,90.8,91.0,91.4,94.0,94.7,95.0,95.1,95.8,97.0,97.0,97.2,97.3,98.0,297.1,7,119
2026100800,46,2.55,5.4,1.41,2.09,3.09,4.12,4.12,4.18,4.42,4.6,4.75,5.4,5.46,6.99,7.19,8.08,8.39,10.01,10.77,11.99,11.99,0.81,1.18,1.29,1.54,2.21,2.21,2.32,2.32,2.38,2.55,2.68,3.3,3.48,4.17,4.21,4.37,4.67,4.84,5.18,93.5,85.1,86.5,87.0,90.0,90.2,91.5,91.5,92.1,92.8,93.5,95.0,96.8,97.0,97.0,97.0,97.2,97.6,97.8,98.2,296.93,7,118
2026100801,57,2.18,4.24,1.46,2.23,3.19,3.29,3.6,3.6,3.63,3.7,4.12,4.24,4.93,5.51,6.67,7.72,8.39,8.74,10.03,10.15,10.38,1.23,1.36,1.43,1.7,2.01,2.01,2.02,2.05,2.06,2.18,2.54,3.29,3.3,3.4,3.43,3.7,4.17,4.42,4.84,90.8,81.7,82.8,85.0,86.0,87.2,89.1,89.9,90.0,90.1,90.8,95.0,97.0,98.0,98.1,99.0,99.0,99.0,99.7,100.0,296.87,7,118
2026100802,53,2.07,4.43,1.38,1.8,2.37,2.71,3.46,3.49,3.52,3.57,4.12,4.43,5.08,6.05,6.26,7.41,7.53,8.39,10.24,10.91,11.1,0.72,1.34,1.59,1.61,1.7,1.7,1.72,1.8,1.97,2.07,2.21,2.61,3.45,3.84,3.96,4.17,4.68,4.73,4.8,92.0,81.7,86.0,87.1,89.0,90.1,90.5,90.7,90.7,90.8,92.0,95.0,96.0,97.0,97.2,98.0,98.9,99.0,99.0,99,296.61,7,117
2026100803,54,1.9,4.2,1.06,1.59,1.89,2.42,3.5,3.55,3.6,3.64,4.12,4.2,4.32,4.38,4.48,5.61,6.63,8.28,9.8,10.55,10.83,0.87,0.96,1.34,1.49,1.49,1.52,1.59,1.76,1.81,1.9,2.06,2.21,2.73,2.73,3.86,3.96,5.27,5.5,5.57,94.7,85.1,89.2,89.9,90.3,91.0,91.3,91.7,93.1,94.1,94.7,94.7,94.9,97.0,97.2,98.0,98.9,99.0,99.0,99.3,296.65,7,117
2026100804,58,1.9,3.61,1.08,1.25,1.49,2.0,2.32,2.52,3.56,3.6,3.6,3.61,3.65,4.35,4.44,4.6,6.81,7.25,7.31,7.71,11.21,0.82,1.08,1.18,1.2,1.31,1.49,1.8,1.81,1.84,1.9,1.93,2.06,2.11,2.77,2.78,2.83,3.61,4.64,5.92,93.2,83.6,88.2,89.1,89.6,92.0,92.6,92.7,93.0,93.0,93.2,93.6,93.8,97.0,97.2,98.0,98.9,99.0,99.0,99.3,296.55,7,117
2026100805,54,2.06,3.61,0.62,0.66,1.13,1.16,1.71,2.43,3.53,3.6,3.6,3.61,3.65,4.32,4.37,4.46,7.11,9.62,9.62,9.97,10.39,0.46,0.57,0.68,1.03,1.13,1.54,1.7,1.71,1.74,2.06,2.21,2.22,2.26,3.29,3.91,3.91,3.94,4.22,5.04,94.8,85.3,88.3,88.3,88.7,91.0,93.0,94.4,94.4,94.7,94.8,94.9,95.0,97.0,97.0,98.0,99.0,100.0,100.0,100.0,296.52,7,117
2026100806,24,1.82,4.12,1.09,1.34,1.37,1.84,2.52,3.26,4.01,4.02,4.06,4.12,4.32,4.64,4.75,6.12,6.59,6.64,6.66,7.82,9.52,0.57,0.93,0.93,0.96,1.01,1.07,1.34,1.49,1.8,1.82,2.01,2.01,2.04,2.06,2.1,2.52,2.86,3.81,3.94,96.0,87.0,87.3,87.8,89.0,90.7,90.7,91.0,93.0,95.3,96.0,96.5,97.0,97.0,97.9,98.0,98.1,98.5,98.7,99.0,296.49,7,117
2026100807,33,1.88,3.81,0.95,1.77,2.11,2.13,2.62,2.69,3.6,3.65,3.81,3.81,3.84,4.24,4.92,5.11,6.71,7.05,7.1,7.46,10.49,0.72,1.01,1.13,1.16,1.25,1.54,1.59,1.8,1.8,1.88,2.01,2.01,2.04,2.07,2.5,2.68,3.53,3.85,5.14,96.4,86.5,87.0,88.4,89.0,91.8,91.8,92.0,93.0,95.0,96.4,97.0,97.0,97.0,97.1,97.3,97.3,98.0,99.0,99.0,296.53,7,117
2026100808,32,2.08,4.07,1.39,1.59,1.63,1.8,2.16,2.37,2.78,4.01,4.01,4.07,4.12,4.19,4.78,4.78,4.86,5.4,5.57,7.05,12.09,0.79,1.03,1.18,1.39,1.39,1.41,1.44,1.65,2.06,2.08,2.21,2.21,2.24,2.35,2.52,3.04,3.06,3.58,5.86,96.0,89.4,89.6,89.9,92.2,92.3,92.5,92.9,94.0,95.2,96.0,96.8,97.0,97.0,97.0,97.0,97.1,97.3,97.8,99.0,296.66,7,117
2026100809,29,2.24,4.16,1.23,1.49,1.7,1.73,2.23,2.45,3.5,4.02,4.09,4.16,4.59,4.72,5.58,5.61,5.66,6.7,7.29,7.45,11.01,0.87,0.98,1.23,1.24,1.35,1.85,2.01,2.21,2.21,2.24,2.42,2.42,2.48,2.57,2.61,3.4,3.4,3.59,5.56,96.0,89.6,92.0,93.6,94.4,94.7,94.8,95.0,96.0,96.0,96.0,96.1,96.9,97.0,97.0,97.0,97.1,97.3,98.0,99.0,296.93,7,117
2026100810,44,2.52,4.43,1.18,1.78,1.95,2.11,2.15,2.31,3.7,4.16,4.25,4.43,4.6,4.99,5.61,8.04,8.54,9.03,9.05,9.53,10.08,0.75,1.18,1.19,1.38,1.54,1.65,1.75,1.92,2.03,2.52,2.52,2.55,2.57,2.62,3.98,4.58,4.61,4.83,5.2,97.0,88.1,91.0,91.8,92.0,92.8,93.0,95.1,95.8,95.9,97.0,97.0,97.1,97.2,97.3,98.0,98.0,99.0,100.0,100.0,296.47,7,117
2026100811,35,2.46,4.16,1.22,1.62,1.85,2.06,2.11,2.38,3.36,3.93,4.07,4.16,4.57,4.65,5.4,6.51,6.83,8.93,9.17,9.26,9.57,0.62,0.77,0.81,1.33,1.57,1.7,1.8,1.95,2.06,2.46,2.52,2.54,2.61,3.05,3.12,3.76,3.76,3.8,4.73,96.2,89.0,89.3,89.6,91.0,93.9,93.9,94.0,94.4,94.7,96.2,97.6,98.0,98.0,98.0,98.4,98.9,99.2,100.0,100.0,296.26,7,117
2026100812,30,2.09,4.12,1.18,1.49,2.01,2.11,2.67,3.38,3.81,3.81,3.86,4.12,4.15,4.69,4.73,4.78,6.48,7.92,7.92,8.13,8.39,0.62,0.96,1.08,1.09,1.23,1.8,1.82,1.9,2.04,2.09,2.16,2.37,2.52,2.53,2.57,3.01,3.13,3.43,4.68,96.1,87.3,92.4,93.0,94.1,94.8,94.8,94.9,96.0,96.0,96.1,96.2,97.0,97.1,97.2,97.3,97.6,99.0,99.0,100.0,296.79,7,117
2026100813,62,2.78,4.47,0.39,1.34,1.91,2.88,3.57,4.01,4.09,4.42,4.43,4.47,4.62,4.99,5.34,5.38,6.76,7.92,10.59,11.27,11.39,0.39,0.72,1.44,1.9,1.9,1.9,1.97,2.25,2.3,2.78,2.78,2.83,3.04,3.11,3.63,3.86,4.87,4.94,5.12,93.5,89.2,89.2,89.4,89.8,91.0,92.0,93.0,93.0,93.0,93.5,94.0,94.4,94.9,95.1,95.8,96.8,97.0,97.0,98.0,297.6,7,115
2026100814,61,3.48,5.13,1.06,1.43,2.83,3.48,3.94,4.58,4.7,5.09,5.1,5.13,5.14,5.66,7.05,7.37,8.5,9.2,10.68,11.06,11.12,0.81,1.25,1.62,1.75,1.9,2.07,2.8,3.4,3.41,3.48,3.5,3.6,3.68,3.92,4.29,4.4,5.17,5.25,5.42,90.3,81.7,87.0,88.0,89.0,89.0,89.1,89.4,89.5,90.2,90.3,90.6,90.9,92.0,92.8,93.0,94.3,94.3,94.6,96.7,298.0,7,115
2026100815,58,3.6,5.65,1.13,1.44,2.98,3.5,3.5,4.44,5.4,5.41,5.48,5.65,5.92,6.69,6.79,8.04,8.14,8.4,10.43,10.55,10.79,0.93,0.98,1.53,1.65,1.73,2.42,3.04,3.5,3.6,3.6,3.6,3.61,3.64,4.14,4.24,4.96,4.99,5.01,5.13,86.6,73.4,80.4,81.5,82.0,84.5,85.0,85.2,86.0,86.0,86.6,88.3,89.5,89.9,90.7,90.9,92.2,92.2,92.7,96.0,299.15,7,115
2026100816,63,3.6,5.67,1.27,2.31,2.97,2.98,3.12,4.58,5.5,5.53,5.6,5.67,5.92,5.95,6.69,7.31,7.35,7.4,8.8,8.8,8.92,0.65,1.49,1.49,1.7,2.26,2.57,3.17,3.45,3.6,3.6,3.63,3.67,3.74,4.06,4.15,4.51,4.53,4.54,5.81,83.0,75.1,75.6,77.0,80.9,81.0,82.1,82.7,83.0,83.0,83.0,83.3,84.0,86.2,86.7,88.1,89.9,89.9,90.0,94.0,299.15,7,115
2026100817,63,2.9,5.41,1.47,2.49,2.91,4.16,4.68,4.76,4.79,5.35,5.4,5.41,5.48,6.15,6.22,7.72,7.76,7.9,9.67,9.67,10.01,0.64,1.57,1.65,1.8,2.32,2.51,2.68,2.7,2.87,2.9,3.6,3.6,3.6,3.61,3.64,4.68,4.73,4.79,5.16,80.3,64.8,76.5,78.5,78.5,79.0,79.0,79.3,79.7,80.1,80.3,80.4,81.0,81.0,81.1,81.3,82.0,82.2,87.0,93.7,299.71,7,115
2026100818,56,3.6,5.8,1.53,2.26,3.25,3.5,3.68,4.12,4.89,5.66,5.73,5.8,6.17,6.38,6.59,7.31,8.51,8.69,8.76,12.38,12.45,0.92,1.27,1.96,2.01,2.35,2.39,2.57,2.62,3.2,3.6,3.6,3.6,3.63,3.7,3.72,3.79,5.45,5.66,5.8,82.0,64.9,71.7,72.0,75.0,79.0,79.0,79.4,80.6,80.7,82.0,82.0,82.6,85.1,85.5,85.9,87.0,87.5,87.9,94.0,300.11,7,117
2026100819,55,3.96,6.13,1.45,2.69,3.11,3.4,3.81,4.55,4.78,5.41,6.12,6.13,6.2,7.2,7.34,10.19,10.19,10.22,11.72,12.96,13.28,1.01,1.54,2.06,2.47,2.49,2.83,2.87,3.11,3.96,3.96,3.99,4.01,4.02,4.09,4.42,4.63,5.02,5.3,5.32,83.0,64.3,70.1,72.1,74.0,74.8,75.4,81.0,82.5,82.5,83.0,83.1,83.1,83.9,84.0,84.2,84.9,89.0,89.0,94.0,299.59,7,116
2026100820,59,3.62,6.28,1.81,2.98,3.02,3.4,3.4,3.65,4.09,4.99,6.28,6.28,6.33,7.0,7.32,8.28,8.28,8.38,11.24,11.38,11.67,1.01,1.75,2.37,2.57,2.62,2.64,2.76,3.59,3.6,3.62,3.66,4.08,4.12,4.12,4.16,4.63,4.71,4.73,4.86,85.4,67.8,72.3,76.0,76.4,77.4,85.0,85.2,85.3,85.3,85.4,85.4,85.5,86.0,86.0,86.4,87.0,92.0,95.2,95.7,299.32,7,116
2026100821,53,3.55,6.45,1.96,2.78,2.87,3.6,3.7,4.89,5.56,6.2,6.38,6.45,6.52,6.82,7.22,7.31,7.31,7.37,9.64,9.8,10.09,1.3,1.7,2.21,2.24,2.47,2.52,3.4,3.4,3.43,3.55,3.7,3.91,3.91,3.95,4.17,4.17,4.24,4.6,4.84,87.8,73.3,76.0,77.7,77.8,85.0,85.2,85.4,85.4,85.9,87.8,87.8,87.8,88.0,88.0,88.2,88.9,90.1,92.0,97.0,298.73,7,116
2026100822,55,2.9,6.38,2.08,2.7,3.6,3.6,3.81,3.85,4.68,4.78,6.15,6.38,6.49,6.85,7.46,7.46,7.55,7.73,8.16,8.22,8.25,1.29,1.49,2.03,2.16,2.2,2.52,2.52,2.55,2.68,2.9,3.14,3.6,3.6,3.64,3.75,3.81,3.85,4.63,4.74,88.8,75.7,78.0,79.7,84.0,86.3,86.7,86.8,88.0,88.0,88.8,89.5,90.0,90.0,90.0,90.1,90.1,90.4,94.0,98.0,298.26,7,116
2026100823,45,2.68,5.35,1.28,2.23,3.09,3.74,4.42,4.48,4.5,4.68,5.11,5.35,5.39,5.96,6.25,6.35,6.55,6.64,6.68,7.08,7.75,0.62,1.29,1.39,1.49,1.5,1.54,1.95,2.47,2.63,2.68,2.99,3.04,3.08,3.59,3.6,3.64,3.81,4.54,5.14,92.0,79.5,84.3,85.0,87.5,88.2,89.3,89.6,89.7,92.0,92.0,92.1,92.3,92.4,92.6,94.0,94.6,96.2,96.6,98.0,297.76,7,116
2026100900,47,2.42,6.22,1.49,1.9,2.53,2.98,4.12,4.12,5.09,5.4,6.08,6.22,6.24,6.42,6.53,6.53,6.57,6.58,6.61,7.26,7.8,0.77,1.05,1.49,1.65,1.7,2.13,2.16,2.18,2.42,2.42,2.43,2.47,2.49,3.12,3.5,3.5,3.56,4.17,4.67,92.6,79.8,85.4,86.1,89.0,89.4,89.4,89.5,91.0,92.4,92.6,92.8,94.0,94.0,94.0,94.1,94.8,95.2,97.0,98.7,297.15,7,116
2026100901,38,2.43,5.97,1.27,1.39,1.4,2.03,2.83,3.86,4.68,4.68,4.79,5.97,6.28,6.81,7.62,7.78,7.82,7.82,7.82,7.85,7.9,1.18,1.18,1.18,1.2,1.46,2.42,2.42,2.42,2.42,2.43,2.45,2.47,2.47,2.52,3.5,3.5,3.53,4.19,5.14,94.0,87.2,87.6,87.9,92.0,92.6,92.6,92.6,92.7,92.9,94.0,95.0,95.0,95.1,95.6,95.8,95.9,97.0,97.4,98.7,296.96,7,111
2026100902,45,2.73,4.48,1.27,2.36,2.98,2.98,2.98,2.98,3.01,3.06,3.49,4.48,4.99,5.04,6.12,6.12,6.22,6.28,6.47,7.18,7.77,1.18,1.25,1.59,1.59,1.59,1.59,1.61,1.64,2.1,2.73,2.73,2.77,2.93,2.94,3.6,3.6,3.64,3.95,4.63,96.7,89.0,94.0,96.0,96.0,96.1,96.1,96.1,96.5,96.6,96.7,96.8,96.9,96.9,96.9,96.9,97.0,97.0,97.3,98.0,296.78,7,111
2026100903,48,2.21,5.76,1.16,2.31,3.19,3.6,3.6,3.65,5.61,5.76,5.76,5.76,5.77,5.8,6.22,6.22,6.48,6.92,7.0,7.06,7.2,0.97,1.34,1.83,2.16,2.16,2.16,2.16,2.19,2.21,2.21,2.22,2.67,3.09,3.09,3.34,3.6,3.62,3.65,4.13,96.0,89.0,92.4,92.7,93.0,95.3,95.4,95.6,96.0,96.0,96.0,96.1,96.1,96.1,96.1,96.2,96.6,97.0,99.0,100.0,296.83,7,111
2026100904,57,3.04,6.33,0.82,2.32,3.09,3.91,5.68,5.89,5.98,6.12,6.12,6.33,6.71,6.79,6.79,6.79,6.79,7.06,7.39,8.03,8.03,0.75,1.33,1.7,1.75,1.75,1.75,1.76,1.78,1.95,3.04,3.04,3.06,3.33,3.34,3.39,3.4,3.41,3.54,3.62,93.0,90.0,91.0,91.0,91.0,91.0,91.3,91.6,91.8,91.8,93.0,93.8,96.0,96.0,96.7,97.0,97.0,97.7,98.3,100.0,296.76,7,111
2026100905,62,3.09,6.58,0.81,2.23,2.91,4.01,5.45,5.6,5.67,6.1,6.22,6.58,6.64,7.26,7.31,7.48,7.67,7.67,7.67,7.72,7.83,0.68,1.13,1.54,1.54,1.54,1.54,1.56,1.58,1.95,3.09,3.09,3.09,3.1,3.18,3.29,3.29,3.41,3.45,3.48,93.6,86.4,86.7,86.9,92.0,93.0,93.2,93.2,93.5,93.6,93.6,93.6,93.7,93.9,95.0,95.0,95.6,97.0,99.0,100.0,296.94,7,111
2026100906,69,3.08,6.22,0.91,2.01,2.71,4.32,5.02,5.37,5.51,5.63,5.88,6.22,6.37,6.79,6.79,7.51,8.03,8.03,8.03,8.19,8.74,0.82,0.99,1.84,2.42,2.42,2.47,2.98,2.99,3.03,3.08,3.29,3.29,3.29,3.29,3.32,3.36,3.55,3.55,3.58,93.0,89.0,89.3,89.3,89.3,89.4,89.7,90.1,90.2,90.7,93.0,93.3,93.3,93.6,95.0,95.0,95.5,97.0,97.0,97.9,297.03,7,111
2026100907,53,3.51,5.77,1.6,2.22,3.2,4.26,5.61,5.61,5.62,5.63,5.65,5.77,7.36,7.51,7.51,7.53,7.6,7.61,7.61,7.61,7.66,0.67,1.39,1.98,2.99,3.09,3.19,3.19,3.2,3.22,3.51,3.55,3.55,3.55,3.58,3.72,3.76,3.76,3.76,3.8,92.9,87.0,89.5,89.6,89.6,89.8,91.0,92.3,92.9,92.9,92.9,93.0,95.0,95.0,95.1,95.6,96.0,97.0,97.2,98.0,298.5,6,108
2026100908,59,3.5,6.22,1.49,2.19,3.04,4.4,5.92,5.92,5.93,5.99,6.14,6.22,6.33,6.38,6.38,6.5,6.87,8.16,8.28,8.28,8.62,0.87,1.34,1.94,2.45,2.47,2.47,2.48,2.52,3.19,3.5,3.5,3.55,3.6,3.62,3.77,3.86,3.86,3.86,3.89,94.6,88.0,89.5,89.6,89.6,89.8,91.0,94.0,94.0,94.0,94.6,95.0,95.7,95.7,95.7,95.8,96.0,97.0,97.6,98.0,297.65,6,108
2026100909,62,3.58,6.31,1.5,2.26,2.97,4.16,6.12,6.12,6.13,6.15,6.17,6.31,7.66,7.92,7.92,8.03,8.87,9.26,9.31,9.31,9.35,0.81,1.29,2.12,2.26,2.26,2.26,2.31,2.4,3.12,3.58,3.75,3.81,3.81,3.83,3.96,4.12,4.12,4.12,4.14,94.0,88.7,90.3,90.4,90.4,90.6,91.0,94.0,94.0,94.0,94.0,94.2,94.7,95.1,95.3,95.3,95.3,95.8,97.0,99.0,298.37,6,108
2026100910,64,3.58,5.92,1.49,2.49,3.09,4.36,5.45,5.5,5.5,5.52,5.59,5.92,5.92,5.96,6.03,6.17,6.28,10.08,10.08,10.08,10.08,0.73,1.38,2.07,2.76,3.09,3.09,3.09,3.1,3.13,3.58,3.68,3.74,3.8,3.88,4.08,5.11,5.14,5.14,5.18,94.8,87.2,87.6,87.6,87.6,87.9,91.3,94.0,94.0,94.4,94.8,95.2,95.7,97.0,97.0,97.0,97.0,97.3,98.0,99.0,298.04,6,108
2026100911,86,2.83,4.58,1.77,2.6,3.51,4.01,4.01,4.01,4.03,4.1,4.54,4.58,4.58,4.58,4.66,5.5,5.5,5.52,5.58,5.64,5.69,0.98,1.7,2.22,2.47,2.47,2.47,2.48,2.52,2.83,2.83,2.83,2.84,2.87,3.66,3.68,3.72,3.78,4.08,4.18,96.0,88.7,93.0,94.0,94.1,94.3,94.3,94.3,94.6,96.0,96.0,96.2,96.7,97.1,97.7,97.7,97.7,97.9,99.0,100.0,296.96,6,108
2026100912,77,2.37,2.79,1.98,2.01,2.01,2.01,2.06,2.52,2.78,2.78,2.78,2.79,2.83,3.81,4.62,5.23,5.28,5.42,5.58,5.65,5.81,1.13,1.65,1.65,1.65,1.65,1.69,2.2,2.37,2.37,2.37,2.38,2.43,3.13,3.7,3.7,3.72,3.75,4.09,4.16,97.0,88.0,92.7,94.0,94.7,96.0,96.0,96.4,96.9,97.0,97.0,97.0,97.2,97.9,98.0,98.0,98.0,98.0,98.7,99.0,297.54,6,108
2026100913,125,2.29,2.54,2.32,2.32,2.32,2.32,2.32,2.32,2.32,2.35,2.39,2.54,3.4,4.42,5.4,5.4,5.41,5.47,5.56,5.68,6.48,1.18,1.9,2.26,2.26,2.26,2.26,2.26,2.26,2.27,2.29,2.31,2.68,3.24,3.7,3.78,3.83,3.85,4.12,4.16,94.0,86.0,90.0,91.0,91.8,93.0,93.0,93.0,93.3,93.8,94.0,94.5,94.8,94.8,94.8,94.8,94.8,94.8,94.9,95.0,298.82,6,106
2026100914,125,2.44,3.29,2.98,2.98,2.98,2.98,2.98,2.98,2.98,3.02,3.05,3.29,4.38,5.48,5.65,5.67,5.69,5.72,5.77,5.92,7.92,1.51,2.34,2.42,2.42,2.42,2.42,2.42,2.42,2.43,2.44,2.46,2.93,3.55,4.01,4.01,4.04,4.08,4.11,4.37,90.0,81.7,84.0,85.0,85.6,86.0,88.0,89.0,89.0,89.4,90.0,92.2,92.5,92.6,92.6,92.6,92.6,92.6,92.8,92.9,299.13,6,106
2026100915,125,2.16,3.86,2.88,2.88,2.88,2.88,2.88,2.88,2.88,2.9,2.92,3.86,4.97,5.66,5.84,6.02,6.02,6.1,6.21,6.99,8.69,2.11,2.11,2.11,2.11,2.11,2.11,2.11,2.12,2.14,2.16,2.82,3.4,3.96,4.12,4.17,4.2,4.23,4.28,4.53,86.0,76.0,79.0,81.8,82.0,82.6,84.0,85.0,85.0,85.5,86.0,89.1,89.4,89.4,89.4,89.4,89.4,89.4,89.7,89.9,299.98,6,106
2026100916,120,2.26,4.37,4.27,4.3,4.32,4.32,4.32,4.32,4.32,4.34,4.35,4.37,5.23,5.65,5.7,6.06,6.25,6.37,6.6,7.72,9.2,1.95,1.95,1.95,1.95,1.95,1.95,1.95,2.04,2.15,2.26,3.14,3.59,4.12,4.14,4.32,4.32,4.33,4.36,4.87,83.0,71.0,76.0,79.0,80.0,80.3,81.2,82.0,82.0,82.5,83.0,85.2,85.6,85.7,85.7,85.7,85.7,85.7,85.8,85.9,300.8,6,106
2026100917,108,2.48,4.68,2.89,2.98,2.98,2.98,2.98,2.98,3.03,3.14,3.25,4.68,5.92,6.17,6.26,6.58,6.58,6.61,6.64,8.12,9.98,1.03,1.13,1.13,1.13,1.13,1.13,1.15,1.19,1.23,2.48,3.34,3.8,4.1,4.2,4.42,4.42,4.44,4.47,5.12,79.5,69.0,73.0,76.0,77.0,77.6,79.0,79.3,79.5,79.5,79.5,79.5,79.5,79.6,79.8,80.0,80.0,80.0,80.5,81.0,301.87,6,106
2026100918,93,2.73,4.89,1.75,1.8,1.8,1.8,1.8,1.8,1.98,2.32,2.65,4.89,6.12,6.18,6.45,6.82,6.98,7.05,7.19,8.18,9.98,0.87,0.87,0.87,0.87,0.87,0.87,0.91,0.97,1.02,2.73,3.4,4.07,4.12,4.22,4.48,4.48,4.53,4.62,5.3,77.0,67.5,71.1,74.8,77.0,77.0,77.0,77.0,77.0,77.0,77.0,77.0,77.0,77.4,77.8,79.0,79.0,79.1,79.6,82.0,302.21,6,106
2026100919,93,4.49,7.51,4.47,5.21,5.97,6.4,6.58,6.76,6.94,7.51,7.51,7.51,7.51,7.55,7.61,7.67,7.72,8.18,8.9,9.64,10.89,2.3,2.98,3.24,3.55,3.96,4.08,4.11,4.14,4.17,4.49,4.64,4.66,4.67,4.69,4.7,4.72,4.75,5.14,5.81,78.0,64.4,69.0,71.0,73.8,75.0,76.5,77.0,77.0,77.5,78.0,80.0,80.0,80.0,80.0,80.1,80.4,80.7,81.0,83.0,301.45,4,104
2026100920,92,4.66,7.92,4.54,5.31,5.81,6.81,7.14,7.2,7.26,7.41,7.92,7.92,7.92,7.92,7.95,7.98,8.01,8.26,8.65,9.72,10.57,2.36,3.02,3.37,3.51,3.88,4.03,4.55,4.63,4.63,4.66,4.89,4.89,4.89,4.89,4.91,4.94,4.97,5.04,5.66,80.0,69.2,72.0,74.0,76.0,77.0,77.0,77.3,77.8,78.0,80.0,81.0,82.0,82.0,82.0,82.0,82.3,82.6,82.9,86.0,300.87,4,104
2026100921,92,4.67,8.18,4.36,5.2,5.56,6.28,7.2,7.2,7.22,7.28,7.75,8.18,8.18,8.18,8.18,8.2,8.23,8.26,8.44,9.15,10.17,2.62,3.14,3.24,3.5,3.65,4.06,4.56,4.61,4.64,4.67,4.89,4.89,4.89,4.89,4.9,4.91,4.93,4.94,5.4,82.6,73.2,75.0,77.0,78.0,80.0,80.0,82.0,82.0,82.0,82.6,84.0,84.0,84.0,84.0,84.2,84.5,84.8,85.3,90.7,300.37,4,104
2026100922,91,4.26,7.51,4.35,4.84,5.12,5.72,6.61,7.0,7.18,7.21,7.27,7.51,8.03,8.03,8.03,8.03,8.04,8.06,8.07,8.39,9.71,2.3,2.92,3.24,3.35,3.6,3.91,4.12,4.12,4.16,4.26,4.58,4.58,4.58,4.58,4.59,4.61,4.62,4.84,5.1,85.9,76.0,79.0,80.0,82.0,83.0,84.0,85.0,85.0,85.3,85.9,87.0,87.0,87.0,87.0,87.3,87.6,87.9,90.0,93.0,299.59,4,104
2026100923,90,4.18,6.78,3.81,4.22,4.58,5.08,5.61,6.31,6.69,6.69,6.72,6.78,7.27,7.51,7.51,7.51,7.54,7.69,7.84,7.99,8.58,1.89,2.52,2.88,3.24,3.55,3.81,4.07,4.12,4.12,4.18,4.22,4.22,4.22,4.22,4.23,4.25,4.27,4.59,5.04,90.0,78.8,82.0,84.0,85.0,87.0,88.0,88.0,88.3,88.9,90.0,90.0,90.0,90.0,90.2,90.5,90.8,92.0,93.0,95.0,298.7,4,104
2026101000,90,4.01,6.73,3.1,3.91,4.42,4.78,5.09,5.71,6.38,6.69,6.69,6.73,6.85,7.31,7.31,7.31,7.31,7.39,7.48,7.57,8.01,1.83,2.53,2.78,3.09,3.51,3.58,3.61,3.64,3.76,4.01,4.01,4.01,4.01,4.02,4.04,4.05,4.12,4.48,4.95,93.0,80.0,83.0,86.0,88.0,90.0,92.0,93.0,93.0,93.0,93.0,93.3,93.6,93.9,94.0,94.0,94.3,94.9,97.2,98.0,298.14,4,104
2026101001,94,4.01,6.71,3.15,3.86,4.48,4.76,5.4,5.87,6.25,6.69,6.69,6.71,6.74,7.47,7.61,7.61,7.61,7.63,7.66,7.69,7.72,1.9,2.74,2.88,3.17,3.36,3.6,3.6,3.63,3.7,4.01,4.12,4.12,4.12,4.12,4.14,4.15,4.17,4.42,4.89,94.0,81.0,84.0,87.0,89.0,90.7,93.0,94.0,94.0,94.0,94.0,94.0,94.0,94.0,94.3,94.6,94.9,95.0,98.0,99.0,297.93,4,104
2026101002,100,4.17,7.23,3.52,3.97,4.5,4.99,5.61,6.22,6.79,7.2,7.2,7.23,7.29,7.88,8.08,8.08,8.08,8.1,8.16,8.22,8.28,1.99,2.8,3.19,3.35,3.7,3.91,4.12,4.12,4.14,4.17,4.32,4.42,4.42,4.42,4.43,4.45,4.46,4.48,5.09,94.0,83.0,85.0,87.0,88.1,90.3,94.0,94.0,94.0,94.0,94.0,94.0,94.0,94.0,94.3,94.6,94.9,95.5,97.0,98.0,298.03,4,104
2026101003,103,4.63,7.81,3.69,4.28,4.55,4.89,5.61,6.37,7.0,7.58,7.69,7.81,7.92,8.18,8.59,8.59,8.59,8.6,8.66,8.72,8.78,2.24,2.84,3.4,3.5,3.76,4.12,4.32,4.59,4.63,4.63,4.64,4.65,4.66,4.67,4.68,4.7,4.71,4.73,5.05,94.0,83.8,85.1,87.0,88.0,90.0,92.9,94.0,94.0,94.0,94.0,94.0,94.0,94.0,94.3,94.6,94.9,95.0,97.0,98.0,298.13,4,104
2026101004,106,4.63,7.75,3.91,4.48,4.68,5.09,5.63,6.15,7.2,7.72,7.72,7.75,7.81,8.39,8.81,8.84,8.87,8.9,8.93,8.96,8.99,2.33,2.93,3.3,3.6,3.81,4.01,4.41,4.58,4.63,4.63,4.67,4.78,4.78,4.78,4.78,4.8,4.81,4.83,5.09,94.0,83.2,86.0,88.0,90.0,91.0,93.0,94.0,94.0,94.0,94.0,94.0,94.0,94.0,94.2,94.5,94.8,95.0,97.0,98.0,298.15,4,104
2026101005,110,4.65,8.23,3.9,4.42,4.68,5.09,5.66,6.25,6.96,7.87,8.14,8.23,8.26,8.42,9.1,9.11,9.11,9.11,9.42,9.95,10.48,2.44,2.98,3.4,3.6,3.82,4.08,4.42,4.59,4.62,4.65,4.68,4.89,4.89,4.89,4.89,4.91,4.94,4.97,5.2,94.0,83.9,87.0,89.0,91.0,92.0,93.5,94.0,94.0,94.0,94.0,94.0,94.0,94.0,94.2,94.5,94.8,95.0,96.2,98.0,298.26,4,104
2026101006,113,4.67,8.22,3.8,4.42,4.73,5.08,5.74,6.28,7.11,7.72,8.19,8.22,8.25,8.34,9.21,9.24,9.27,9.3,9.38,9.47,9.56,2.27,2.95,3.35,3.66,3.86,4.22,4.43,4.63,4.63,4.67,4.73,4.99,4.99,4.99,4.99,5.0,5.02,5.03,5.35,93.3,85.0,87.0,89.0,91.0,93.0,93.0,93.0,93.0,93.0,93.3,93.6,93.9,94.0,94.0,94.3,94.9,95.0,96.2,97.9,298.3,4,104
2026101007,115,4.64,8.53,3.89,4.42,4.68,5.22,5.79,6.42,6.95,7.61,8.08,8.53,8.74,8.89,9.22,9.34,9.47,9.59,9.72,9.86,9.99,2.12,2.98,3.34,3.65,3.91,4.16,4.32,4.58,4.61,4.64,4.68,5.04,5.16,5.17,5.19,5.2,5.22,5.23,5.27,92.6,86.0,88.0,90.0,92.0,92.0,92.0,92.0,92.0,92.3,92.6,92.9,94.0,95.0,96.0,97.0,97.0,97.0,97.4,98.0,298.31,4,104
2026101008,118,5.1,9.22,3.85,4.2,4.58,5.03,5.81,6.57,7.2,7.41,8.34,9.22,9.25,9.35,9.47,9.6,9.72,9.84,9.97,10.09,10.21,2.37,3.0,3.46,3.6,3.86,3.96,4.37,4.67,5.04,5.1,5.15,5.18,5.5,5.5,5.5,5.5,5.53,5.56,5.59,92.0,88.0,90.0,91.0,91.0,91.0,91.0,91.1,91.4,91.7,92.0,93.0,94.0,95.0,96.0,97.0,97.0,97.0,97.5,98.0,298.48,4,104
2026101009,120,5.14,9.18,3.6,3.97,4.57,5.07,5.61,6.38,6.95,7.51,8.78,9.18,9.27,9.36,9.77,10.08,10.08,10.08,10.24,10.57,10.9,2.22,2.98,3.4,3.61,3.86,4.02,4.41,4.64,5.13,5.14,5.17,5.26,5.45,5.63,5.66,5.69,5.72,5.73,5.75,92.0,89.0,90.0,90.0,90.0,90.0,90.2,90.5,90.8,91.0,92.0,93.0,94.0,94.0,94.3,94.9,96.0,96.1,97.0,98.0,298.48,4,104
2026101010,120,5.08,9.19,3.59,4.02,4.48,4.8,5.71,6.18,7.16,7.74,9.09,9.19,9.28,9.37,9.71,9.77,9.81,9.86,9.99,10.17,10.35,2.32,2.85,3.26,3.5,3.81,4.12,4.32,4.48,4.93,5.08,5.14,5.17,5.25,5.77,5.79,5.8,5.92,6.2,6.47,93.0,90.0,91.0,91.0,91.0,91.0,91.2,91.5,91.8,92.0,93.0,94.0,94.0,94.0,94.5,95.0,96.0,97.0,98.0,98.0,298.45,4,104
2026101011,123,5.61,8.74,3.55,4.01,4.42,4.84,5.61,6.58,6.97,8.03,8.71,8.74,8.77,8.83,9.22,9.31,9.4,9.49,9.62,9.75,9.89,2.16,2.77,3.14,3.4,3.6,4.01,4.27,4.53,4.89,5.61,5.64,5.66,5.67,5.68,5.69,5.7,5.75,5.84,5.94,93.0,90.0,92.0,92.0,92.0,92.0,92.1,92.4,92.7,93.0,93.0,94.0,95.0,97.0,97.0,97.0,97.2,97.8,98.0,99.0,298.44,4,104
2026101012,124,5.39,8.73,3.55,3.97,4.22,4.87,5.9,6.52,7.32,8.3,8.64,8.73,8.81,8.93,9.23,9.29,9.35,9.41,9.44,9.47,9.5,2.23,2.84,3.29,3.44,3.7,3.91,4.22,4.68,5.03,5.39,5.6,5.68,5.71,5.74,5.77,5.8,5.82,5.84,5.85,93.0,89.0,91.0,92.0,92.0,92.0,92.0,92.1,92.4,92.7,93.0,94.0,94.0,94.0,94.3,94.9,96.0,97.0,98.0,98.0,298.82,4,104
2026101013,127,5.5,8.73,3.7,4.12,4.58,5.41,6.19,6.63,7.1,7.94,8.7,8.73,8.76,8.79,9.72,9.72,9.72,9.72,9.74,9.79,9.83,2.83,3.19,3.37,3.6,3.81,4.06,4.27,4.69,4.99,5.5,5.63,5.71,5.78,5.86,5.93,6.0,6.04,6.07,6.1,90.7,86.9,88.0,89.0,90.0,90.0,90.0,90.0,90.1,90.4,90.7,91.0,91.0,91.0,91.3,91.9,93.0,94.0,96.0,97.0,299.6,4,104
2026101014,130,6.17,9.18,3.81,4.22,4.78,5.35,5.92,6.63,7.11,7.82,8.9,9.18,9.26,9.29,10.08,10.08,10.08,10.08,10.15,10.24,10.33,2.99,3.5,3.81,4.01,4.27,4.37,4.63,4.82,5.23,6.17,6.17,6.19,6.21,6.23,6.25,6.27,6.32,6.38,6.44,87.4,81.2,84.0,85.0,86.0,87.0,87.0,87.0,87.0,87.1,87.4,87.7,88.0,88.0,88.0,88.3,88.9,91.0,94.0,95.9,300.65,4,104
2026101015,133,6.13,9.77,4.01,4.39,4.86,5.2,5.86,6.48,7.42,8.43,9.37,9.77,9.78,9.84,10.32,10.44,10.56,10.68,10.78,10.87,10.96,3.29,3.86,4.12,4.32,4.48,4.71,4.94,5.33,5.68,6.13,6.17,6.22,6.34,6.47,6.52,6.57,6.59,6.61,6.62,85.0,76.0,79.0,80.0,81.8,83.0,85.0,85.0,85.0,85.0,85.0,85.0,85.0,85.1,85.4,85.7,86.2,88.0,91.9,94.9,301.48,4,104
2026101016,133,6.17,10.32,4.06,4.79,5.61,6.12,6.38,6.99,7.58,8.41,9.65,10.32,10.8,10.92,11.21,11.42,11.42,11.42,11.42,11.42,11.42,3.36,3.84,4.12,4.41,4.68,4.84,5.03,5.61,6.17,6.17,6.18,6.22,6.7,6.75,6.77,6.78,6.84,6.95,7.05,83.0,73.0,74.0,76.0,78.0,79.3,82.0,82.0,82.3,82.9,83.0,83.0,83.0,83.1,83.4,83.7,83.9,85.1,88.0,93.9,302.0,4,104
2026101017,135,6.62,11.6,4.21,4.89,5.92,6.89,7.43,7.91,8.18,8.82,9.93,11.6,11.75,11.88,11.97,12.06,12.15,12.25,12.46,12.8,13.15,3.46,3.93,4.22,4.38,4.68,4.99,5.35,5.7,6.48,6.62,6.68,6.71,7.0,7.03,7.06,7.09,7.13,7.18,7.22,82.0,70.0,72.0,74.0,75.1,78.0,79.0,80.0,80.0,80.6,82.0,82.0,82.0,82.0,82.2,82.5,82.8,83.1,86.3,93.7,302.27,4,104
2026101018,135,6.69,12.3,4.16,4.91,5.89,6.69,7.77,8.27,9.0,9.52,10.88,12.3,12.33,12.4,12.49,12.61,12.73,12.85,13.17,13.73,14.29,3.41,3.82,4.12,4.46,4.75,5.02,5.36,5.81,6.43,6.69,6.69,6.86,7.1,7.13,7.16,7.19,7.28,7.4,7.52,81.0,68.0,70.0,72.0,75.0,76.0,79.3,80.0,80.1,80.7,81.0,82.0,82.0,82.0,82.0,82.3,82.6,82.9,87.6,94.7,302.24,4,104
2026101019,137,6.65,12.36,4.14,4.89,6.11,7.15,8.1,8.59,9.21,9.88,11.29,12.36,12.69,12.89,12.97,13.04,13.11,13.18,13.34,13.6,13.86,3.19,3.7,3.99,4.3,4.63,4.98,5.25,5.57,6.17,6.65,6.68,6.75,6.84,6.95,7.06,7.17,7.24,7.3,7.36,82.5,69.9,71.0,75.0,76.0,78.0,80.0,80.0,80.0,80.6,82.5,83.0,83.0,83.0,83.1,83.4,83.7,84.0,87.0,93.7,302.04,4,104
2026101020,139,6.64,12.82,3.89,4.63,5.91,7.43,8.1,8.68,9.42,10.31,11.57,12.82,12.85,12.87,12.9,12.98,13.07,13.16,13.22,13.22,13.22,3.17,3.55,3.81,4.03,4.32,4.8,4.99,5.21,5.75,6.64,6.67,6.78,6.97,7.02,7.05,7.08,7.61,8.72,9.82,83.1,72.2,75.0,77.0,79.0,80.0,80.0,80.4,81.0,82.0,83.1,83.4,83.7,84.0,84.3,84.5,84.8,86.0,90.2,93.0,301.46,4,104
2026101021,140,6.46,12.32,3.6,4.33,5.4,7.1,7.92,8.69,9.72,10.8,12.06,12.32,12.35,12.38,12.91,12.91,12.91,12.91,12.97,13.06,13.15,2.99,3.34,3.6,3.96,4.17,4.42,4.76,5.04,5.5,6.46,6.61,6.71,6.75,6.79,6.83,6.87,7.39,8.47,9.54,86.0,76.0,78.0,80.0,81.0,82.0,82.0,82.6,83.0,84.0,86.0,86.0,86.0,86.0,86.2,86.5,86.8,90.6,93.0,97.0,300.89,4,104
2026101022,141,6.09,11.79,3.44,4.03,5.36,7.61,8.18,8.69,9.55,10.43,11.48,11.79,11.82,11.87,11.92,11.97,12.02,12.08,12.13,12.19,12.25,2.73,3.0,3.32,3.64,3.96,4.17,4.42,4.9,5.31,6.09,6.15,6.21,6.27,6.3,6.33,6.36,6.8,7.71,8.62,89.0,79.2,82.0,83.6,85.0,85.0,85.0,85.6,86.0,87.9,89.0,89.0,89.0,89.0,89.3,89.6,89.9,91.6,95.0,97.9,300.14,4,104
2026101023,145,5.73,10.8,3.18,3.86,5.03,7.92,8.18,8.49,9.11,9.8,10.79,10.8,10.83,10.95,11.11,11.11,11.11,11.11,11.14,11.17,11.2,2.34,2.64,2.93,3.34,3.55,3.86,4.02,4.73,5.22,5.73,5.76,5.79,5.82,5.83,5.85,5.86,6.1,6.16,6.98,92.0,82.0,85.0,87.0,88.0,88.0,88.6,89.0,90.3,91.4,92.0,92.0,92.0,92.1,92.4,92.7,93.0,95.0,97.0,98.0,299.39,4,104
2026101100,146,5.4,10.29,3.06,3.76,4.8,6.79,7.74,8.28,8.96,9.9,10.29,10.29,10.29,10.29,10.29,10.29,10.29,10.34,10.4,10.46,10.89,2.16,2.42,2.83,3.14,3.45,3.76,3.96,4.47,5.09,5.4,5.4,5.4,5.45,5.57,5.69,5.81,6.14,6.17,6.2,94.0,84.0,87.1,90.0,92.0,94.0,94.0,94.0,94.0,94.0,94.0,94.0,94.0,94.2,94.5,94.8,96.0,97.0,98.0,98.0,298.71,4,104
2026101101,147,5.3,9.98,2.97,3.76,4.64,6.25,7.2,7.81,8.61,9.69,9.98,9.98,9.98,9.99,10.02,10.05,10.08,10.23,10.29,10.35,10.65,2.16,2.54,2.93,3.19,3.5,3.81,4.02,4.61,5.17,5.3,5.3,5.3,5.33,5.43,5.52,5.62,6.0,6.15,6.2,95.0,84.9,88.0,91.0,93.0,94.0,94.0,94.3,94.9,95.0,95.0,95.0,95.0,95.3,95.6,95.9,96.0,97.6,98.0,98.9,298.52,4,104
2026101102,148,5.3,9.77,3.02,3.71,4.49,6.03,6.71,7.4,8.19,9.13,9.74,9.77,9.79,9.81,9.83,9.85,9.88,9.9,9.93,9.97,10.45,2.06,2.78,3.14,3.29,3.57,3.86,4.15,4.63,5.3,5.3,5.3,5.3,5.33,5.37,5.42,5.56,5.62,5.67,5.7,94.0,86.0,89.0,91.0,93.8,94.0,94.0,94.0,94.0,94.0,94.0,94.0,94.2,94.5,94.8,95.0,96.0,97.0,97.0,98.0,298.58,4,104
2026101103,149,5.26,9.77,3.17,3.77,4.56,5.61,6.38,7.08,7.77,8.69,9.74,9.77,9.77,9.77,9.77,9.77,9.77,9.8,9.83,9.86,10.07,2.4,3.09,3.24,3.35,3.67,3.91,4.27,4.79,5.16,5.26,5.28,5.29,5.32,5.37,5.41,5.54,5.63,5.66,5.87,94.0,86.0,89.1,91.6,93.0,94.0,94.0,94.0,94.0,94.0,94.0,94.0,94.1,94.4,94.7,95.0,96.0,97.0,97.0,98.0,298.63,4,104
2026101104,151,5.12,9.72,3.19,3.91,4.53,5.07,6.04,6.68,7.31,8.24,9.72,9.72,9.72,9.72,9.73,9.74,9.75,9.76,9.77,9.82,9.88,2.5,3.09,3.24,3.4,3.61,3.91,4.32,4.7,5.09,5.12,5.15,5.18,5.2,5.22,5.24,5.34,5.66,5.66,5.79,94.0,86.8,89.4,92.0,93.0,94.0,94.0,94.0,94.0,94.0,94.0,94.0,94.0,94.3,94.6,94.9,96.0,96.6,97.0,98.0,298.67,4,104
2026101105,156,5.09,9.72,3.44,4.01,4.32,4.73,5.61,6.12,6.69,7.74,9.69,9.72,9.72,9.72,9.73,9.75,9.76,9.77,9.77,9.91,10.21,2.62,2.94,3.24,3.5,3.6,4.01,4.2,4.53,5.04,5.09,5.09,5.09,5.1,5.13,5.17,5.2,5.51,5.66,5.69,93.6,87.8,90.0,91.0,93.0,93.0,93.0,93.0,93.0,93.3,93.6,93.9,94.0,94.0,94.3,94.8,95.0,96.0,97.0,98.0,298.76,4,104
2026101106,158,4.99,9.47,3.32,3.81,4.08,4.51,5.2,5.81,6.33,7.37,9.19,9.47,9.53,9.59,9.63,9.66,9.7,9.73,9.76,9.85,10.03,2.48,2.98,3.19,3.45,3.67,3.89,4.15,4.47,4.78,4.99,4.99,4.99,5.01,5.04,5.07,5.14,5.66,5.66,5.82,93.6,88.0,90.0,92.0,93.0,93.0,93.0,93.0,93.0,93.3,93.6,93.9,94.0,94.0,94.3,94.9,95.0,96.0,97.0,98.0,298.82,4,104
2026101107,159,4.99,8.9,3.2,3.61,4.01,4.37,4.91,5.5,6.09,7.33,8.66,8.9,9.14,9.38,9.55,9.63,9.7,9.77,9.77,9.83,10.01,2.5,2.83,3.11,3.27,3.55,3.7,4.01,4.32,4.63,4.99,4.99,4.99,4.99,5.0,5.02,5.03,5.66,5.66,5.66,93.6,89.0,90.0,92.0,93.0,93.0,93.0,93.0,93.0,93.3,93.6,93.9,94.0,94.0,94.4,95.0,95.0,96.0,97.0,98.0,298.76,4,104
2026101108,162,5.04,8.57,3.09,3.45,3.81,4.15,4.65,5.18,5.77,6.91,8.27,8.57,8.9,9.23,9.43,9.46,9.49,9.52,9.65,9.82,10.06,2.42,2.73,2.88,3.14,3.34,3.52,3.81,4.08,4.61,5.04,5.06,5.07,5.09,5.17,5.28,5.39,5.51,5.62,5.66,93.0,90.0,91.0,92.0,92.0,92.0,92.0,92.1,92.4,92.7,93.0,94.0,94.0,94.0,94.4,95.0,96.0,96.0,97.0,98.0,298.65,4,104
2026101109,163,4.84,9.05,2.98,3.4,3.69,4.19,4.48,4.88,5.57,6.89,8.3,9.05,9.11,9.17,9.21,9.22,9.23,9.24,9.25,9.27,9.3,2.18,2.44,2.83,3.04,3.24,3.37,3.71,3.96,4.42,4.84,4.92,4.99,5.07,5.17,5.28,5.39,5.51,5.62,5.66,93.0,91.0,92.0,92.0,92.0,92.0,92.0,92.3,92.6,92.9,93.0,94.0,94.0,94.2,94.8,95.0,96.0,97.0,97.0,98.0,298.59,4,104
2026101110,166,4.89,8.54,2.72,3.25,3.55,3.95,4.27,4.78,5.31,6.42,8.37,8.54,8.6,8.66,8.7,8.71,8.72,8.73,8.74,8.79,8.87,2.11,2.47,2.68,2.92,3.09,3.24,3.53,3.85,4.17,4.89,4.92,4.95,4.98,5.01,5.04,5.07,5.1,5.13,5.14,94.0,91.0,93.0,93.0,93.0,93.0,93.0,93.2,93.5,93.8,94.0,94.0,94.0,94.4,95.0,96.0,96.0,97.0,98.0,99.0,298.44,4,104
2026101111,168,4.55,8.04,2.62,3.04,3.5,3.75,4.29,4.72,5.41,6.22,7.99,8.04,8.06,8.07,8.09,8.12,8.15,8.19,8.21,8.32,8.53,1.96,2.21,2.59,2.73,2.98,3.21,3.4,3.59,4.02,4.55,4.61,4.66,4.72,4.77,4.82,4.87,4.93,4.99,5.05,94.0,91.0,93.0,94.0,94.0,94.0,94.0,94.0,94.0,94.0,94.0,94.1,94.4,94.7,95.0,96.0,97.0,97.0,99.0,99.0,298.48,4,104
2026101112,170,4.52,7.72,2.4,3.07,3.5,3.81,4.29,4.89,5.5,6.28,7.72,7.72,7.72,7.72,7.72,7.72,7.72,7.73,7.76,7.79,7.91,2.02,2.21,2.55,2.77,3.04,3.24,3.45,3.65,4.13,4.52,4.61,4.7,4.79,4.82,4.85,4.88,4.95,5.04,5.13,94.0,90.0,91.4,92.0,94.0,94.0,94.0,94.0,94.0,94.0,94.0,94.0,94.1,94.3,94.6,94.9,95.0,96.0,97.0,97.5,298.82,4,104
2026101113,171,4.55,7.68,2.24,3.0,3.76,4.12,4.55,5.3,5.72,6.63,7.33,7.68,7.75,7.79,7.84,7.88,7.92,7.95,7.98,8.01,8.34,2.11,2.47,2.75,2.98,3.29,3.5,3.7,3.92,4.37,4.55,4.63,4.69,4.8,4.89,4.98,5.07,5.12,5.15,5.18,91.0,86.0,87.0,88.0,89.0,90.0,90.0,91.0,91.0,91.0,91.0,91.0,91.0,91.0,91.0,91.1,91.4,91.7,92.0,92.0,299.87,4,104
2026101114,171,5.14,8.21,2.13,2.99,4.11,4.78,5.18,5.71,6.25,7.33,7.97,8.21,8.26,8.28,8.28,8.28,8.28,8.35,8.44,8.53,9.19,2.13,2.56,3.13,3.4,3.62,3.86,4.15,4.55,5.06,5.14,5.14,5.2,5.25,5.27,5.28,5.3,5.33,5.38,5.43,84.0,78.2,80.0,81.0,82.0,82.0,82.0,82.0,82.6,83.0,84.0,85.2,86.0,86.0,86.0,86.0,86.3,86.6,86.9,88.0,301.39,4,104
2026101115,171,5.47,8.69,2.1,2.99,4.21,5.31,5.77,6.21,6.8,7.76,8.69,8.69,8.69,8.7,8.71,8.72,8.73,8.74,8.75,8.78,9.7,2.1,2.78,3.21,3.66,3.97,4.12,4.48,4.94,5.45,5.47,5.48,5.5,5.52,5.55,5.58,5.63,5.66,5.66,5.69,80.6,72.0,74.0,74.0,75.0,76.0,78.0,80.0,80.0,80.0,80.6,81.0,82.0,82.0,82.0,82.0,82.2,82.5,82.8,84.0,302.51,4,104
2026101116,170,5.5,8.8,2.48,3.09,4.34,5.59,6.3,6.69,7.77,8.32,8.74,8.8,8.86,8.92,8.98,9.04,9.1,9.19,9.32,9.59,10.35,2.48,2.77,3.19,3.65,3.91,4.25,4.48,4.97,5.49,5.5,5.5,5.5,5.51,5.53,5.54,5.56,5.61,5.66,5.69,77.4,66.9,68.0,70.0,71.0,73.0,74.0,76.0,77.0,77.0,77.4,78.0,79.0,79.0,79.0,79.0,79.3,79.6,79.9,81.0,303.15,4,104
2026101117,165,5.4,8.9,2.52,3.14,4.36,5.73,6.92,7.5,8.22,8.9,8.9,8.9,8.9,8.93,8.96,8.99,9.08,9.22,9.28,9.31,11.07,2.46,2.88,3.19,3.45,3.81,4.19,4.32,4.72,5.17,5.4,5.4,5.4,5.4,5.42,5.43,5.45,5.62,5.65,5.78,75.3,62.9,65.0,66.6,69.0,70.0,72.0,74.0,75.0,75.0,75.3,75.9,77.0,77.0,77.0,77.0,77.3,77.6,77.9,80.0,303.62,4,104
2026101118,164,5.25,8.8,2.51,3.06,4.26,6.21,7.41,7.82,8.75,8.8,8.8,8.8,8.85,8.97,9.09,9.21,9.24,9.3,9.45,9.82,11.41,2.43,2.7,3.04,3.3,3.6,4.01,4.2,4.42,4.87,5.25,5.27,5.28,5.3,5.34,5.39,5.43,5.54,5.63,5.66,75.3,60.9,63.8,66.6,67.8,69.3,71.5,73.1,75.0,75.0,75.3,75.9,76.0,76.0,76.0,76.0,76.3,76.6,76.9,79.0,303.64,4,104
2026101119,163,5.0,8.4,2.15,3.05,3.89,6.44,7.46,8.07,8.39,8.39,8.39,8.4,8.43,8.46,8.53,8.72,8.75,8.84,8.96,10.12,11.51,2.15,2.52,2.85,3.14,3.34,3.6,3.91,4.11,4.6,5.0,5.03,5.06,5.1,5.14,5.19,5.23,5.54,5.63,5.66,75.9,62.0,66.0,68.0,69.8,73.0,74.0,75.0,75.0,75.3,75.9,76.2,77.0,77.0,77.0,77.1,77.4,77.7,78.0,82.9,303.38,4,104
2026101120,162,4.79,7.86,1.85,2.58,3.51,6.58,7.51,7.82,7.82,7.82,7.83,7.86,7.89,7.92,8.12,8.21,8.25,8.28,9.16,10.0,11.58,1.85,2.06,2.41,2.84,3.04,3.29,3.45,3.85,4.39,4.79,4.82,4.85,4.89,4.93,4.99,5.04,5.09,5.14,5.2,78.0,65.4,70.0,71.0,74.0,76.0,77.0,77.0,77.4,78.0,78.0,78.0,78.0,78.1,78.4,78.7,79.0,81.1,85.0,88.0,302.76,4,104
2026101121,160,4.4,7.21,1.37,2.12,3.02,6.65,7.1,7.1,7.1,7.1,7.15,7.21,7.27,7.72,7.72,7.75,7.81,8.38,9.11,9.77,11.77,1.37,1.75,2.03,2.53,2.73,2.98,3.3,3.7,4.12,4.4,4.43,4.46,4.49,4.54,4.59,4.63,4.63,4.64,4.67,81.0,69.2,73.0,76.0,78.0,79.3,80.0,80.0,80.4,81.0,81.0,81.0,81.0,81.2,81.5,81.8,82.0,86.0,88.7,95.0,302.0,4,104
2026101122,159,3.87,6.56,1.23,1.92,2.7,6.28,6.28,6.28,6.28,6.37,6.46,6.56,6.69,6.69,6.72,6.78,7.54,8.36,8.96,9.48,11.68,1.16,1.59,1.87,2.1,2.38,2.6,2.78,3.1,3.76,3.87,3.89,3.9,3.92,3.93,3.95,3.97,4.06,4.17,4.32,85.0,75.9,78.0,80.6,82.0,84.0,85.0,85.0,85.0,85.0,85.0,85.0,85.0,85.2,85.5,85.8,86.0,89.0,92.7,97.9,300.98,4,104
2026101123,157,3.08,5.5,1.27,1.96,2.86,4.38,4.76,5.15,5.41,5.44,5.47,5.5,5.87,6.18,6.21,6.54,7.51,8.27,8.69,9.17,11.51,0.62,1.23,1.41,1.7,1.97,2.37,2.63,2.92,3.05,3.08,3.09,3.09,3.09,3.09,3.09,3.13,3.17,3.22,3.53,89.0,79.1,83.4,85.0,85.0,85.1,85.7,86.0,87.3,89.0,89.0,89.0,89.0,89.2,89.5,89.8,90.0,92.0,95.2,98.0,299.86,4,104
2026101200,156,2.52,4.99,1.18,1.91,2.93,4.07,4.3,4.53,4.71,4.8,4.9,4.99,5.08,5.17,5.26,6.48,7.33,8.0,8.24,8.82,11.08,0.63,0.82,1.29,1.49,1.9,2.21,2.52,2.52,2.52,2.52,2.53,2.54,2.55,2.56,2.57,2.59,2.62,2.99,3.36,93.0,81.1,86.4,89.0,90.0,91.0,91.0,91.2,91.8,92.0,93.0,93.0,93.0,93.0,93.3,93.6,93.9,95.1,98.0,99.0,298.98,4,104
2026101201,161,2.21,4.56,0.93,1.91,2.86,3.89,4.09,4.29,4.44,4.48,4.52,4.56,4.6,4.66,4.75,6.04,6.92,7.29,7.72,8.49,10.14,0.47,0.87,1.23,1.44,1.9,2.02,2.05,2.08,2.11,2.21,2.21,2.21,2.21,2.22,2.24,2.25,2.37,2.81,3.14,95.0,82.8,88.0,90.0,91.1,93.0,94.0,94.0,94.3,94.9,95.0,95.0,95.0,95.0,95.3,95.6,95.9,96.1,98.0,99.0,298.54,4,104
2026101202,167,2.02,4.32,0.76,1.75,2.64,4.12,4.12,4.15,4.19,4.23,4.27,4.32,4.44,4.58,4.71,5.46,6.04,6.38,7.31,7.94,9.19,0.61,0.93,1.13,1.42,1.75,2.01,2.01,2.01,2.01,2.02,2.03,2.05,2.06,2.06,2.08,2.14,2.35,2.62,3.19,95.2,84.0,89.0,91.0,92.0,94.3,95.0,95.0,95.0,95.0,95.2,95.5,95.8,96.0,97.0,97.0,97.2,97.8,98.0,99.0,298.42,4,104
2026101203,174,1.92,4.22,1.0,1.54,2.59,3.67,4.06,4.13,4.15,4.17,4.2,4.22,4.27,4.33,4.39,4.78,5.43,5.91,6.9,7.31,8.07,0.73,1.0,1.21,1.5,1.72,1.9,1.9,1.9,1.91,1.92,1.94,1.95,2.06,2.06,2.08,2.12,2.42,2.69,2.98,96.2,84.0,89.4,91.0,93.0,95.0,96.0,96.0,96.0,96.0,96.2,96.5,96.7,97.0,97.0,97.0,97.4,98.0,98.0,99.0,298.29,4,104
2026101204,184,1.73,4.11,1.03,1.75,2.78,4.01,4.01,4.01,4.01,4.05,4.08,4.11,4.12,4.12,4.23,4.42,4.99,5.5,6.22,6.75,7.57,0.81,1.08,1.29,1.54,1.7,1.7,1.7,1.7,1.71,1.73,1.74,1.84,2.06,2.06,2.09,2.16,2.4,2.62,2.95,96.4,85.0,90.0,92.0,94.0,96.0,96.0,96.0,96.0,96.1,96.4,96.7,97.0,97.0,97.0,97.2,97.8,98.0,98.0,99.0,298.15,4,104
2026101205,195,1.59,3.7,1.28,2.21,2.93,3.46,3.6,3.6,3.66,3.7,3.7,3.7,3.7,3.71,3.73,3.75,4.27,4.77,5.36,6.4,7.38,0.73,1.24,1.44,1.54,1.54,1.56,1.59,1.59,1.59,1.59,1.6,1.61,1.63,1.64,1.9,2.16,2.37,2.57,2.94,97.0,85.0,91.0,93.0,94.1,96.3,97.0,97.0,97.0,97.0,97.0,97.0,97.0,97.1,97.4,97.7,98.0,98.0,99.0,99.0,298.01,4,104
2026101206,203,1.59,3.6,1.48,2.22,2.62,2.98,3.5,3.6,3.6,3.6,3.6,3.6,3.6,3.6,3.63,3.66,3.7,4.12,4.79,5.96,7.07,0.88,1.23,1.52,1.54,1.55,1.57,1.59,1.59,1.59,1.59,1.61,1.62,1.64,1.7,1.95,2.11,2.37,2.59,3.01,97.0,86.9,90.4,93.0,95.0,96.0,97.0,97.0,97.0,97.0,97.0,97.0,97.0,97.2,97.5,97.8,98.0,98.0,99.0,99.0,297.84,4,104
2026101207,212,1.7,3.6,1.57,2.26,2.62,3.02,3.58,3.6,3.6,3.6,3.6,3.6,3.6,3.6,3.63,3.66,3.7,3.91,4.49,5.4,6.63,0.83,1.23,1.54,1.54,1.55,1.58,1.7,1.7,1.7,1.7,1.7,1.72,1.73,1.75,1.9,2.05,2.37,2.5,2.98,97.3,87.0,91.0,94.0,96.0,97.0,97.0,97.0,97.0,97.0,97.3,97.6,97.9,98.0,99.0,99.0,99.0,100.0,100.0,100.0,297.57,4,104
2026101208,220,1.93,3.7,1.53,2.16,2.62,2.98,3.53,3.6,3.62,3.67,3.7,3.7,3.7,3.7,3.73,3.76,3.79,3.91,4.33,4.83,5.9,0.91,1.18,1.54,1.75,1.9,1.9,1.9,1.9,1.91,1.93,1.94,1.95,2.03,2.06,2.08,2.17,2.32,2.62,2.96,98.0,87.8,91.1,95.0,96.1,97.0,97.0,97.1,97.7,98.0,98.0,98.0,98.0,98.0,98.3,98.6,98.9,99.0,99.0,99.0,297.35,4,104
2026101209,231,2.11,3.81,1.71,2.09,2.52,2.78,3.22,3.6,3.6,3.62,3.68,3.81,3.81,3.81,3.81,3.82,3.84,3.85,4.17,4.8,5.4,0.96,1.41,1.59,1.75,1.9,2.03,2.06,2.09,2.11,2.11,2.11,2.11,2.13,2.16,2.19,2.21,2.44,2.73,3.03,98.2,88.0,92.0,95.0,97.0,98.0,98.0,98.0,98.0,98.0,98.2,98.5,98.8,99.0,99.0,99.0,99.4,100.0,100.0,100.0,297.09,4,104
2026101210,240,2.21,3.7,2.01,2.42,2.78,3.02,3.31,3.6,3.6,3.63,3.69,3.7,3.7,3.7,3.71,3.72,3.74,3.75,4.12,4.47,5.46,1.14,1.4,1.65,1.85,2.06,2.06,2.07,2.1,2.16,2.21,2.21,2.21,2.21,2.26,2.31,2.35,2.46,2.79,3.29,99.1,88.0,92.4,95.6,98.0,99.0,99.0,99.0,99.0,99.0,99.1,99.4,99.6,99.9,100.0,100.0,100.0,100.0,100.0,100.0,297.0,4,104
2026101211,248,2.42,3.6,2.2,2.66,2.98,3.29,3.6,3.6,3.6,3.6,3.6,3.6,3.6,3.61,3.62,3.64,3.65,3.83,4.12,4.7,5.47,1.32,1.56,1.75,1.96,2.06,2.06,2.07,2.11,2.21,2.42,2.42,2.42,2.42,2.43,2.45,2.46,2.63,2.98,3.61,100.0,88.0,92.1,95.4,98.6,99.0,100.0,100.0,100.0,100.0,100.0,100.0,100.0,100.0,100.0,100.0,100.0,100.0,100.0,100.0,296.86,4,104
2026101212,254,2.52,3.6,2.25,2.83,3.03,3.4,3.6,3.6,3.6,3.6,3.6,3.6,3.6,3.61,3.62,3.64,3.76,4.06,4.32,4.72,5.39,1.33,1.7,1.93,2.06,2.06,2.06,2.09,2.17,2.42,2.52,2.52,2.52,2.52,2.53,2.55,2.56,2.7,3.18,3.77,98.0,86.0,91.0,94.0,96.0,97.0,97.0,97.3,97.9,98.0,98.0,99.0,99.0,99.0,99.0,99.0,99.1,99.4,99.7,100.0,297.25,4,104
2026101213,260,2.62,3.81,2.29,3.0,3.29,3.6,3.6,3.62,3.65,3.81,3.81,3.81,3.81,3.83,3.86,3.89,4.01,4.29,4.58,5.03,6.22,1.52,1.8,2.0,2.06,2.06,2.09,2.11,2.37,2.56,2.62,2.62,2.62,2.62,2.64,2.65,2.67,2.92,3.29,4.01,92.0,82.0,87.0,89.0,90.0,91.0,91.0,91.0,91.5,92.0,92.0,92.0,93.0,93.0,93.0,93.0,93.2,93.5,93.8,94.0,298.53,4,104
2026101214,266,2.68,4.06,2.61,3.29,3.7,4.01,4.01,4.01,4.01,4.03,4.04,4.06,4.12,4.12,4.13,4.16,4.34,4.68,5.2,5.75,7.17,1.65,1.89,2.06,2.06,2.06,2.09,2.26,2.62,2.68,2.68,2.68,2.68,2.69,2.71,2.72,2.84,3.12,3.6,4.02,85.0,76.0,78.4,80.0,81.1,82.0,83.0,84.0,85.0,85.0,85.0,85.6,86.0,86.0,86.0,86.0,86.2,86.5,86.8,88.0,300.3,4,104
2026101215,273,2.78,4.22,2.83,3.45,3.91,4.12,4.12,4.14,4.2,4.22,4.22,4.22,4.24,4.27,4.3,4.32,4.91,5.48,5.81,6.52,7.91,1.78,2.01,2.06,2.06,2.08,2.2,2.42,2.78,2.78,2.78,2.78,2.79,2.81,2.82,2.88,3.04,3.34,3.75,4.14,77.8,68.0,70.0,72.0,73.0,75.0,76.0,77.0,77.0,77.2,77.8,78.0,79.0,79.0,79.0,79.0,79.3,79.6,79.9,82.0,301.74,4,104
2026101216,285,2.68,4.13,2.87,3.6,4.12,4.12,4.12,4.12,4.12,4.12,4.12,4.13,4.16,4.19,4.29,4.99,5.71,6.28,6.79,7.2,7.91,1.85,2.06,2.06,2.07,2.1,2.39,2.52,2.68,2.68,2.68,2.69,2.72,2.75,2.78,3.05,3.22,3.43,3.7,4.22,75.0,61.0,64.0,66.0,67.0,69.0,71.0,72.0,75.0,75.0,75.0,75.0,75.0,75.0,75.0,75.0,75.3,75.6,75.9,79.0,302.58,4,104
2026101217,297,2.63,3.94,2.87,3.55,3.58,3.61,3.64,3.91,3.91,3.91,3.91,3.94,3.99,4.03,4.22,5.24,5.99,6.89,7.51,8.08,8.99,2.03,2.06,2.06,2.09,2.42,2.57,2.62,2.62,2.62,2.63,2.64,2.66,2.67,2.87,3.09,3.24,3.47,3.86,4.22,70.4,55.0,58.4,61.0,62.1,64.0,67.0,68.7,69.3,69.9,70.4,71.0,72.0,72.0,72.0,72.0,72.3,72.6,72.9,77.3,303.12,4,104
2026101218,309,2.53,3.84,2.87,3.46,3.6,3.61,3.64,3.81,3.81,3.81,3.81,3.84,3.87,3.9,4.22,5.18,6.61,7.41,8.24,8.9,9.71,2.01,2.06,2.06,2.09,2.32,2.52,2.52,2.52,2.52,2.53,2.54,2.56,2.6,2.83,2.98,3.19,3.55,3.77,4.02,70.0,51.9,56.0,58.0,60.0,62.0,64.0,67.0,70.0,70.0,70.0,70.0,70.0,70.0,70.0,70.0,70.3,70.6,70.9,76.9,303.32,4,104
2026101219,321,2.59,3.92,2.77,3.35,3.6,3.6,3.66,3.87,3.91,3.91,3.91,3.92,3.93,3.95,4.03,5.81,7.02,7.71,8.39,8.74,9.82,1.29,1.67,2.0,2.03,2.06,2.09,2.16,2.52,2.58,2.59,2.61,2.62,2.64,2.65,2.67,2.78,2.94,3.29,3.82,70.0,53.0,57.0,60.0,63.0,64.0,66.0,68.0,70.0,70.0,70.0,70.0,70.0,70.0,70.0,70.2,70.5,70.8,71.3,76.0,303.08,4,104
2026101220,344,2.73,4.13,2.62,3.3,3.6,3.6,3.63,3.76,4.12,4.12,4.12,4.13,4.21,4.28,4.36,6.5,7.43,7.92,8.18,8.82,9.6,0.78,1.28,1.44,1.95,2.02,2.05,2.08,2.11,2.42,2.73,2.78,2.78,2.78,2.79,2.82,2.85,2.88,3.22,3.65,72.0,56.0,59.0,64.0,67.0,69.0,70.0,72.0,72.0,72.0,72.0,72.1,72.4,72.7,73.0,74.0,74.0,74.5,75.0,78.0,302.48,4,104
2026101221,5,2.68,4.12,2.25,3.15,3.6,3.6,3.62,3.67,4.12,4.12,4.12,4.12,4.13,4.15,4.17,6.26,7.13,7.51,8.13,8.9,10.39,1.09,1.47,1.9,2.06,2.06,2.11,2.16,2.42,2.57,2.68,2.68,2.68,2.68,2.69,2.71,2.72,2.96,3.29,3.73,75.3,59.0,63.0,66.6,71.0,74.0,75.0,75.0,75.0,75.0,75.3,75.6,75.9,76.0,77.0,77.0,77.0,77.5,78.0,82.9,301.71,4,104
2026101222,311,1.9,3.72,2.21,2.89,3.03,3.09,3.12,3.62,3.7,3.7,3.7,3.72,3.75,3.78,4.02,6.69,7.61,8.02,8.18,8.9,9.95,0.99,1.49,1.54,1.54,1.57,1.59,1.9,1.9,1.9,1.9,1.92,1.93,1.95,2.29,2.47,2.73,2.9,3.24,3.66,79.4,63.0,67.0,70.0,74.0,79.0,79.0,79.0,79.0,79.1,79.4,79.7,80.0,81.0,82.0,82.0,82.2,82.8,84.0,87.0,300.71,4,104
2026101223,260,1.54,3.1,2.21,2.78,3.09,3.09,3.09,3.09,3.09,3.09,3.09,3.1,3.12,3.13,4.2,6.91,7.74,8.07,8.39,8.82,9.69,0.82,0.82,0.82,0.82,0.83,0.85,0.86,1.05,1.38,1.54,1.54,1.59,1.67,2.03,2.23,2.45,2.73,2.84,3.29,84.0,66.2,70.1,74.0,78.2,82.0,82.0,82.2,82.8,84.0,84.0,84.0,84.0,84.3,84.6,84.9,86.0,88.6,90.2,92.9,299.57,4,104
2026101300,294,1.04,2.64,1.94,2.57,2.57,2.59,2.62,2.62,2.62,2.62,2.63,2.64,2.66,2.69,4.23,6.53,7.13,7.81,8.18,8.69,9.79,0.0,0.0,0.0,0.1,0.25,0.4,0.67,1.03,1.03,1.04,1.07,1.25,1.59,1.85,2.06,2.32,2.56,2.74,3.13,88.0,70.0,74.0,77.6,82.0,86.7,88.0,88.0,88.0,88.0,88.0,88.0,88.0,88.2,88.5,88.8,90.9,93.5,95.0,97.0,298.63,4,104
2026101301,278,1.04,2.57,1.7,2.32,2.32,2.32,2.32,2.33,2.35,2.36,2.57,2.57,2.6,2.66,3.7,5.83,6.48,7.29,7.77,8.2,9.15,0.0,0.0,0.0,0.06,0.15,0.24,0.47,0.98,1.01,1.04,1.07,1.18,1.47,1.65,2.06,2.21,2.37,2.62,3.04,90.0,72.8,77.0,80.0,84.0,88.7,90.0,90.0,90.0,90.0,90.0,90.0,90.0,90.2,90.5,90.8,92.9,96.0,98.0,99.0,298.08,4,104
2026101302,279,1.03,2.55,1.64,2.16,2.18,2.19,2.21,2.22,2.24,2.25,2.52,2.55,2.58,2.61,3.56,5.09,5.81,6.48,7.05,7.51,8.4,0.0,0.0,0.0,0.04,0.1,0.16,0.47,0.87,1.03,1.03,1.03,1.06,1.23,1.59,1.9,2.11,2.32,2.52,2.98,92.3,75.0,78.0,81.0,85.0,91.0,92.0,92.0,92.0,92.0,92.3,92.6,92.9,94.0,94.0,94.3,94.9,97.0,98.0,99.0,297.71,4,104
2026101303,280,1.03,2.57,1.54,2.11,2.21,2.21,2.21,2.22,2.23,2.25,2.34,2.57,2.58,2.61,3.41,4.33,4.99,5.7,6.48,6.81,7.72,0.0,0.0,0.0,0.02,0.05,0.08,0.42,0.78,0.93,1.03,1.03,1.06,1.23,1.54,1.75,2.11,2.26,2.52,2.93,93.4,77.8,80.4,83.6,87.0,92.0,93.0,93.0,93.0,93.1,93.4,93.7,94.0,94.0,94.0,94.5,95.0,97.0,98.2,99.9,297.46,4,104
2026101304,282,1.01,2.57,1.33,2.11,2.32,2.32,2.32,2.32,2.34,2.35,2.38,2.57,2.57,2.6,3.06,3.64,4.14,4.98,5.81,6.04,7.08,0.34,0.37,0.4,0.42,0.43,0.45,0.51,0.72,0.98,1.01,1.04,1.07,1.16,1.5,1.8,2.03,2.32,2.62,2.83,94.0,79.0,82.0,85.0,89.0,93.0,94.0,94.0,94.0,94.0,94.0,94.0,94.0,94.3,94.6,94.9,96.0,97.0,99.0,100.0,297.25,4,104
2026101305,284,1.34,2.81,1.34,2.06,2.62,2.62,2.62,2.62,2.64,2.65,2.67,2.81,3.03,3.09,3.1,3.16,3.29,4.21,5.05,5.4,6.11,0.62,0.93,0.94,0.96,0.97,0.99,1.01,1.02,1.1,1.34,1.54,1.54,1.56,1.59,1.8,2.16,2.42,2.73,2.83,94.0,81.0,84.0,87.0,90.0,94.0,94.0,94.0,94.0,94.0,94.0,94.0,94.1,94.4,94.7,95.0,96.0,97.0,99.0,99.0,297.02,4,104
2026101306,289,1.59,3.04,1.44,1.96,2.2,2.68,2.93,2.95,2.96,2.98,3.01,3.04,3.07,3.09,3.09,3.1,3.13,3.64,4.48,4.72,5.5,0.58,1.09,1.48,1.54,1.54,1.57,1.59,1.59,1.59,1.59,1.61,1.62,1.64,1.65,2.01,2.24,2.45,2.78,2.93,94.0,82.0,85.4,88.0,91.0,94.0,94.0,94.0,94.0,94.0,94.0,94.0,94.0,94.3,94.6,94.9,96.0,97.0,99.0,99.0,296.79,4,104
2026101307,292,2.01,3.52,1.57,1.86,2.16,2.52,2.98,3.4,3.43,3.46,3.49,3.52,3.55,3.58,3.6,3.6,3.61,3.65,4.22,4.48,5.28,0.64,1.14,1.54,1.54,1.55,1.58,1.65,2.01,2.01,2.01,2.01,2.02,2.03,2.05,2.07,2.26,2.47,2.77,2.93,94.5,84.0,87.0,90.0,92.1,94.0,94.0,94.0,94.0,94.2,94.5,94.8,96.8,97.0,97.0,97.3,97.9,98.0,99.0,99.0,296.46,4,104
2026101308,296,2.42,3.91,1.56,1.96,2.28,2.57,3.09,3.6,3.6,3.6,3.63,3.91,4.12,4.12,4.12,4.12,4.14,4.17,4.2,4.43,5.36,0.83,1.27,1.54,1.89,2.06,2.06,2.09,2.11,2.21,2.42,2.42,2.42,2.42,2.43,2.46,2.49,2.57,2.71,2.88,96.1,85.0,88.0,91.0,93.1,95.0,95.0,95.0,95.0,95.5,96.1,96.7,97.0,97.0,97.2,97.8,99.0,99.0,100.0,100.0,295.98,4,104
2026101309,299,2.52,4.16,1.7,2.21,2.39,2.68,3.19,3.4,4.01,4.12,4.12,4.16,4.22,4.58,4.58,4.58,4.58,4.61,4.64,4.67,5.36,0.95,1.54,1.7,2.01,2.06,2.06,2.09,2.11,2.32,2.52,2.62,2.68,2.68,2.68,2.68,2.69,2.71,2.72,2.93,95.7,86.0,89.0,92.0,94.1,95.0,95.0,95.0,95.1,95.4,95.7,96.0,97.0,97.0,97.5,98.0,99.0,100.0,100.0,100.0,295.74,4,104
2026101310,302,2.57,4.23,1.89,2.21,2.62,2.82,3.19,3.58,4.07,4.12,4.12,4.23,4.32,4.6,4.63,4.66,4.69,4.72,4.75,4.78,5.27,1.29,1.65,1.9,2.01,2.04,2.07,2.1,2.21,2.41,2.57,2.68,2.8,2.88,2.88,2.88,2.89,2.9,2.92,3.04,95.8,86.0,89.0,92.0,95.0,95.0,95.0,95.0,95.2,95.5,95.8,97.0,97.0,97.1,97.7,98.0,99.0,100.0,100.0,100.0,295.52,4,104
2026101311,307,2.62,4.2,2.02,2.53,2.8,3.09,3.29,3.81,4.12,4.12,4.14,4.2,4.54,4.68,4.68,4.68,4.69,4.72,4.75,4.78,5.2,1.39,1.8,2.03,2.16,2.28,2.52,2.57,2.57,2.6,2.62,2.77,2.93,2.95,2.96,2.98,2.99,3.01,3.02,3.06,95.8,85.8,88.1,92.0,95.0,95.0,95.0,95.0,95.2,95.5,95.8,97.0,97.0,97.2,97.8,98.0,99.0,100.0,100.0,100.0,295.55,4,104
2026101312,310,2.68,4.32,2.16,2.52,2.88,3.24,3.7,4.12,4.12,4.12,4.18,4.32,4.68,4.68,4.68,4.68,4.71,4.74,4.77,5.01,5.49,1.35,1.9,2.11,2.21,2.32,2.52,2.54,2.57,2.6,2.68,2.83,3.02,3.05,3.06,3.08,3.09,3.11,3.12,3.14,93.0,84.0,87.0,89.0,93.0,93.0,93.0,93.0,93.0,93.0,93.0,93.1,93.4,93.7,94.0,96.0,97.0,98.0,99.0,99.0,295.96,4,104
2026101313,316,2.73,4.68,2.18,2.65,3.0,3.41,4.12,4.12,4.15,4.2,4.32,4.68,4.68,4.68,4.68,4.71,4.74,4.77,4.99,5.42,5.89,1.36,1.98,2.06,2.26,2.38,2.57,2.57,2.58,2.61,2.73,2.84,3.04,3.19,3.19,3.19,3.19,3.21,3.22,3.24,87.0,80.0,83.0,85.0,86.0,86.0,86.0,86.1,86.4,86.7,87.0,87.0,87.0,87.6,88.0,90.0,91.0,92.0,93.0,94.0,297.35,4,104
2026101314,323,3.08,4.68,2.21,2.57,3.04,4.01,4.58,4.63,4.64,4.66,4.68,4.68,4.68,4.68,4.73,4.79,4.85,5.2,5.4,6.02,6.36,1.39,1.82,2.11,2.26,2.42,2.62,2.83,2.98,3.05,3.08,3.11,3.14,3.29,3.29,3.29,3.3,3.31,3.33,3.34,79.0,73.0,75.4,77.0,77.0,77.0,77.0,77.3,77.6,77.9,79.0,79.0,79.0,79.6,80.0,82.0,83.0,83.0,86.0,88.0,299.15,4,104
2026101315,328,3.1,4.68,2.1,2.62,3.26,4.15,4.55,4.63,4.66,4.68,4.68,4.68,4.68,4.73,4.77,4.82,5.02,5.71,6.02,6.48,7.0,1.37,1.8,2.11,2.32,2.54,2.73,2.88,3.09,3.09,3.1,3.19,3.29,3.29,3.29,3.29,3.3,3.32,3.33,3.45,71.5,65.0,68.0,70.0,70.0,70.0,70.0,70.1,70.4,70.7,71.5,72.0,72.0,72.2,72.8,73.3,74.5,76.1,79.3,82.9,300.69,4,104
2026101316,336,3.12,4.67,1.95,2.68,3.5,4.12,4.42,4.63,4.64,4.65,4.66,4.67,4.71,4.8,4.89,4.98,5.5,6.21,6.44,7.2,7.51,1.47,1.76,2.11,2.37,2.62,2.81,2.93,3.01,3.09,3.12,3.19,3.29,3.29,3.29,3.3,3.33,3.36,3.39,3.64,65.0,57.0,59.0,63.0,65.0,65.0,65.0,65.0,65.0,65.0,65.0,65.0,65.2,65.5,65.8,66.0,68.0,70.6,73.0,78.0,301.54,4,104
2026101317,343,3.13,4.61,1.9,2.68,3.88,4.58,4.58,4.58,4.58,4.59,4.6,4.61,4.62,4.63,4.65,4.74,6.02,6.58,7.0,7.82,8.08,1.49,1.8,2.11,2.49,2.68,2.85,3.09,3.09,3.1,3.13,3.19,3.19,3.19,3.19,3.21,3.22,3.24,3.45,3.88,62.0,48.0,52.1,55.0,57.1,60.0,62.0,62.0,62.0,62.0,62.0,62.3,62.6,62.9,63.0,63.0,63.6,65.1,68.0,73.0,302.14,4,104
2026101318,350,3.09,4.61,1.85,2.62,3.96,4.44,4.48,4.53,4.57,4.59,4.6,4.61,4.62,4.63,4.82,5.24,6.3,6.88,7.42,8.2,8.69,1.54,1.8,2.11,2.5,2.64,2.88,3.09,3.09,3.09,3.09,3.09,3.09,3.09,3.09,3.11,3.13,3.24,3.39,4.0,60.0,44.0,49.0,52.0,53.1,57.0,59.0,60.0,60.0,60.0,60.0,60.3,60.6,60.9,61.0,61.0,61.6,63.0,65.3,70.9,302.59,4,104
2026101319,354,3.09,4.61,1.7,2.53,3.98,4.49,4.52,4.55,4.58,4.59,4.6,4.61,4.62,4.64,4.73,5.61,6.61,7.1,7.78,8.51,9.11,1.36,1.7,1.85,2.26,2.52,2.77,2.93,3.09,3.09,3.09,3.09,3.09,3.09,3.09,3.11,3.14,3.17,3.29,3.92,61.0,45.0,49.4,52.0,55.0,58.0,60.0,61.0,61.0,61.0,61.0,61.0,61.0,61.0,61.2,61.5,61.8,64.0,67.0,71.0,302.48,4,104
2026101320,1,3.1,4.61,1.68,2.22,4.0,4.58,4.58,4.58,4.58,4.59,4.6,4.61,4.62,4.65,4.92,5.81,6.71,7.4,7.88,8.71,9.47,1.08,1.44,1.7,1.9,2.21,2.52,2.68,3.04,3.07,3.1,3.13,3.19,3.19,3.19,3.19,3.2,3.22,3.23,3.77,64.2,50.0,54.0,56.0,58.0,61.0,64.0,64.0,64.0,64.0,64.2,64.5,64.8,65.0,65.0,65.1,65.7,67.0,70.9,75.0,301.82,4,104
2026101321,5,2.6,4.57,1.73,2.11,3.84,4.48,4.48,4.48,4.48,4.51,4.54,4.57,4.61,4.64,4.67,6.09,6.89,7.51,8.17,8.71,9.57,0.64,1.04,1.54,1.8,1.95,2.16,2.52,2.57,2.57,2.6,2.71,2.99,3.02,3.05,3.08,3.12,3.16,3.21,3.52,67.3,56.0,59.0,61.0,62.1,64.3,67.0,67.0,67.0,67.0,67.3,67.6,67.9,69.0,69.0,69.2,69.8,71.0,75.3,79.0,300.76,4,104
2026101322,10,2.29,4.12,1.64,2.12,3.46,4.09,4.12,4.12,4.12,4.12,4.12,4.12,4.23,4.34,4.44,6.13,6.95,7.51,8.19,8.82,9.49,0.68,1.03,1.39,1.59,1.8,2.06,2.06,2.07,2.1,2.29,2.61,2.62,2.62,2.62,2.64,2.67,2.7,2.76,3.43,71.3,60.9,64.4,66.6,68.0,71.0,71.0,71.0,71.0,71.0,71.3,71.6,71.9,74.0,74.0,74.2,74.8,77.0,81.0,84.9,299.82,4,104
2026101323,17,2.01,3.62,1.59,2.32,3.06,3.38,3.6,3.6,3.6,3.6,3.6,3.62,3.7,3.77,3.85,6.14,6.87,7.5,8.08,8.8,9.3,0.85,1.18,1.44,1.53,1.54,1.55,1.58,1.64,1.91,2.01,2.01,2.01,2.01,2.02,2.04,2.05,2.32,2.72,3.17,76.5,65.8,70.0,72.6,74.0,76.0,76.0,76.0,76.0,76.2,76.5,76.8,77.0,79.0,79.0,79.3,79.9,82.6,86.0,90.9,298.69,4,104
2026101400,21,1.39,3.24,1.64,2.37,2.95,3.04,3.09,3.11,3.13,3.15,3.17,3.24,3.44,3.64,3.84,5.98,6.66,7.29,7.82,8.51,9.09,0.74,1.03,1.03,1.05,1.08,1.23,1.39,1.39,1.39,1.39,1.4,1.42,1.43,1.49,1.8,2.01,2.21,2.66,3.23,80.5,69.9,73.1,77.0,79.0,80.0,80.0,80.0,80.0,80.2,80.5,80.8,81.0,85.0,85.0,85.0,86.6,88.0,91.0,94.0,297.71,4,104
2026101401,10,1.03,3.09,1.48,2.17,2.78,2.81,2.84,2.87,2.9,2.93,2.96,3.09,3.09,3.32,3.71,5.53,6.19,6.79,7.2,7.94,8.59,0.72,0.9,0.94,0.95,0.97,0.98,1.0,1.01,1.03,1.03,1.03,1.06,1.13,1.34,1.59,1.95,2.16,2.53,3.04,82.6,73.0,75.1,79.0,81.0,82.0,82.0,82.0,82.0,82.3,82.6,82.9,84.3,87.0,87.0,87.1,87.7,90.0,93.0,96.0,297.15,4,104
2026101402,353,0.98,2.79,1.29,1.95,2.46,2.55,2.59,2.65,2.78,2.78,2.78,2.79,2.82,2.85,3.19,4.74,5.5,6.21,6.48,7.02,7.92,0.62,0.62,0.62,0.62,0.64,0.67,0.7,0.72,0.87,0.98,1.01,1.04,1.07,1.17,1.44,1.8,2.01,2.37,2.85,84.6,74.0,78.0,81.0,83.0,84.0,84.0,84.0,84.0,84.3,84.6,84.9,86.4,88.5,90.0,90.0,90.3,90.9,94.0,97.0,296.87,4,104
2026101403,329,0.93,2.65,1.19,1.96,2.49,2.55,2.58,2.59,2.6,2.61,2.62,2.65,2.7,2.75,3.19,4.07,4.81,5.2,5.87,6.28,7.17,0.41,0.41,0.41,0.42,0.45,0.48,0.51,0.62,0.74,0.93,1.03,1.03,1.05,1.08,1.29,1.62,1.93,2.23,3.0,85.7,76.0,80.0,82.6,84.0,85.0,85.0,85.0,85.1,85.4,85.7,86.0,87.0,89.0,90.0,90.0,90.6,91.6,94.0,97.9,296.59,4,104
2026101404,308,0.93,2.43,1.16,2.06,2.06,2.08,2.14,2.42,2.42,2.42,2.42,2.43,2.45,2.46,2.77,3.51,4.04,4.65,4.94,5.71,6.47,0.31,0.31,0.31,0.31,0.32,0.34,0.36,0.57,0.82,0.93,1.03,1.03,1.05,1.08,1.3,1.57,1.9,2.26,3.04,86.6,77.8,82.0,84.0,85.8,86.0,86.0,86.0,86.0,86.3,86.6,86.9,88.0,90.0,90.0,90.2,90.8,93.0,95.0,97.9,296.48,4,104
2026101405,293,0.98,2.34,1.36,2.06,2.06,2.07,2.1,2.32,2.32,2.32,2.32,2.34,2.37,2.4,2.55,2.99,3.43,3.86,4.45,5.09,5.92,0.31,0.31,0.31,0.32,0.35,0.38,0.41,0.56,0.87,0.98,1.03,1.04,1.1,1.23,1.44,1.7,2.01,2.52,3.18,86.8,79.8,83.0,85.0,86.0,86.0,86.0,86.0,86.2,86.5,86.8,87.0,89.0,90.0,90.0,90.4,91.0,93.0,95.0,98.0,296.43,4,104
2026101406,287,1.03,2.33,1.34,1.9,2.03,2.06,2.12,2.26,2.32,2.32,2.32,2.33,2.36,2.39,2.42,2.63,3.02,3.35,3.84,4.52,5.3,0.41,0.41,0.41,0.41,0.43,0.44,0.46,0.72,0.93,1.03,1.03,1.05,1.08,1.39,1.58,1.88,2.26,2.67,3.16,87.8,80.2,84.0,86.0,87.0,87.0,87.0,87.0,87.2,87.5,87.8,88.0,89.4,90.0,90.0,90.6,91.5,94.0,96.0,98.0,296.23,4,104
2026101407,288,1.03,2.62,1.39,1.75,2.32,2.57,2.57,2.58,2.61,2.62,2.62,2.62,2.63,2.64,2.66,2.67,2.78,3.11,3.67,4.39,4.87,0.78,0.82,0.82,0.82,0.83,0.84,0.86,0.87,1.03,1.03,1.04,1.07,1.18,1.44,1.7,1.85,2.42,2.78,3.19,88.9,81.2,85.0,87.0,88.0,88.0,88.0,88.0,88.3,88.6,88.9,90.0,91.4,93.0,93.0,93.3,93.8,95.0,97.3,98.4,295.93,4,104
2026101408,294,1.48,2.99,1.31,1.9,2.42,2.62,2.8,2.98,2.98,2.98,2.98,2.99,3.01,3.02,3.04,3.07,3.1,3.13,3.61,4.23,4.58,0.82,1.23,1.34,1.39,1.39,1.39,1.39,1.42,1.45,1.48,1.54,1.54,1.56,1.59,1.66,1.97,2.38,2.83,3.24,90.0,84.0,87.0,89.0,89.0,89.0,89.0,89.2,89.5,89.8,90.0,92.0,93.0,93.0,93.0,93.6,95.5,97.0,99.0,99.0,295.55,4,104
2026101409,297,1.9,3.3,1.39,1.97,2.42,2.68,2.88,3.09,3.29,3.29,3.29,3.3,3.33,3.36,3.39,3.6,3.6,3.62,3.65,4.19,4.68,0.91,1.34,1.54,1.54,1.54,1.56,1.59,1.75,1.9,1.9,1.9,1.9,1.92,1.93,1.95,2.11,2.32,2.81,3.16,92.0,85.2,88.0,89.0,89.0,89.0,89.0,89.3,89.6,89.9,92.0,93.0,93.0,93.3,93.9,94.0,97.0,98.0,99.0,100.0,295.35,4,104
2026101410,299,2.21,3.5,1.62,2.11,2.52,2.78,2.98,3.15,3.5,3.5,3.5,3.5,3.52,3.55,3.58,3.6,3.6,3.62,3.65,4.12,4.58,1.03,1.44,1.54,1.54,1.57,1.59,1.8,1.9,2.16,2.21,2.21,2.21,2.22,2.23,2.25,2.26,2.42,2.83,3.15,93.0,86.8,89.0,90.0,90.0,90.0,90.1,90.4,90.6,90.9,93.0,93.0,93.2,93.8,94.1,95.3,97.0,99.0,100.0,100.0,295.26,4,104
2026101411,302,2.42,3.6,1.8,2.21,2.52,2.92,3.19,3.4,3.6,3.6,3.6,3.6,3.62,3.63,3.65,3.82,4.12,4.12,4.15,4.21,4.68,0.94,1.49,1.8,2.01,2.06,2.06,2.08,2.11,2.26,2.42,2.52,2.52,2.52,2.52,2.54,2.55,2.57,2.78,3.3,93.0,87.0,90.0,90.0,90.0,90.0,90.2,90.4,90.7,91.0,93.0,93.0,93.2,93.7,95.0,96.0,98.0,99.0,100.0,100.0,295.23,4,104
2026101412,304,2.52,3.72,2.1,2.37,2.55,3.1,3.43,3.7,3.7,3.7,3.7,3.72,3.75,3.78,3.88,4.03,4.08,4.14,4.2,4.48,5.06,0.93,1.59,1.9,2.06,2.06,2.06,2.09,2.16,2.32,2.52,2.68,2.68,2.68,2.68,2.69,2.72,2.76,2.78,3.31,90.0,85.8,88.0,88.0,88.0,88.0,88.3,88.6,88.9,89.0,90.0,90.0,90.4,90.9,93.0,95.0,96.0,97.0,98.0,99.0,295.72,4,104
2026101413,315,2.47,4.02,2.05,2.42,2.93,3.19,3.68,4.01,4.01,4.01,4.01,4.02,4.04,4.06,4.08,4.1,4.14,4.2,4.42,4.91,5.58,0.87,1.49,1.8,1.96,2.06,2.06,2.07,2.1,2.26,2.47,2.63,2.88,2.88,2.88,2.88,2.9,2.91,2.93,3.34,84.0,81.0,82.0,82.0,82.0,82.1,82.4,82.7,83.0,84.0,84.0,84.5,85.0,86.0,88.0,90.0,91.0,92.0,92.0,94.5,297.04,4,104
2026101414,328,2.65,4.35,1.85,2.37,3.19,3.82,4.01,4.32,4.32,4.32,4.32,4.35,4.38,4.41,4.59,4.62,4.65,4.68,4.99,5.77,6.28,0.98,1.39,1.7,1.81,2.16,2.29,2.42,2.54,2.57,2.65,2.82,2.98,2.98,2.98,2.99,3.0,3.02,3.03,3.34,79.0,74.0,74.0,74.0,74.0,74.3,74.6,74.9,76.9,79.0,79.0,79.0,79.5,80.0,81.0,82.0,83.0,85.0,86.0,88.9,298.23,4,104
2026101415,341,2.61,4.6,1.64,2.26,3.32,4.02,4.58,4.58,4.58,4.58,4.59,4.6,4.61,4.62,4.63,4.66,4.68,5.13,5.51,6.34,7.1,1.13,1.34,1.54,1.8,2.11,2.37,2.52,2.55,2.58,2.61,2.93,3.04,3.06,3.07,3.09,3.1,3.12,3.14,3.7,72.0,68.0,68.0,68.0,68.0,68.1,68.4,68.7,69.0,71.0,72.0,72.0,72.2,72.8,73.0,75.0,76.0,78.0,80.0,83.9,299.87,4,104
2026101416,353,3.09,4.68,1.49,2.26,3.69,4.48,4.6,4.63,4.66,4.68,4.68,4.68,4.68,4.72,4.76,4.81,5.2,5.75,6.28,7.1,8.14,1.17,1.34,1.57,1.94,2.21,2.57,2.73,3.09,3.09,3.09,3.09,3.09,3.09,3.09,3.1,3.11,3.13,3.23,4.01,65.0,59.2,62.0,64.0,64.0,64.0,64.0,64.2,64.5,64.8,65.0,67.0,67.0,67.0,67.5,68.0,70.0,71.7,74.0,79.7,301.21,4,104
2026101417,7,3.09,4.82,1.53,2.32,3.91,4.69,4.78,4.78,4.78,4.79,4.81,4.82,4.89,5.04,5.15,5.18,5.53,6.32,6.79,7.76,9.15,1.14,1.34,1.83,2.11,2.37,2.73,2.99,3.09,3.09,3.09,3.09,3.11,3.12,3.22,3.6,3.6,3.63,3.69,4.32,61.5,52.0,55.0,57.0,60.0,61.0,61.0,61.0,61.0,61.2,61.5,61.8,62.0,63.0,63.0,63.6,65.0,68.0,69.0,76.3,301.6,4,104
2026101418,19,3.19,4.97,1.54,2.37,3.95,4.89,4.89,4.89,4.89,4.91,4.94,4.97,5.1,5.13,5.19,5.28,5.92,6.79,7.1,8.32,9.91,1.02,1.54,1.86,2.25,2.46,2.79,3.19,3.19,3.19,3.19,3.2,3.21,3.23,3.35,3.6,3.6,3.69,3.81,4.48,60.3,47.9,50.0,53.0,56.0,59.0,60.0,60.0,60.0,60.0,60.3,60.6,60.9,61.0,61.0,61.3,61.9,65.0,67.0,74.1,302.04,4,104
2026101419,22,3.36,5.18,1.39,2.42,3.93,5.0,5.03,5.06,5.09,5.12,5.15,5.18,5.52,5.61,5.67,5.7,6.28,7.0,7.32,8.55,10.4,0.87,1.39,1.8,2.21,2.47,2.73,3.19,3.24,3.3,3.36,3.4,3.42,3.43,3.45,3.6,3.6,3.63,3.75,4.34,61.0,49.0,51.0,54.0,57.0,59.0,61.0,61.0,61.0,61.0,61.0,61.0,61.0,61.1,61.4,61.7,62.0,65.7,67.3,74.1,302.04,4,104
2026101420,29,3.6,5.29,1.23,2.52,3.78,4.86,4.98,5.1,5.2,5.23,5.26,5.29,5.61,5.64,5.76,5.97,6.56,7.1,7.62,8.84,10.26,0.87,1.23,1.75,2.04,2.33,2.67,2.97,3.6,3.6,3.6,3.6,3.6,3.6,3.6,3.61,3.62,3.64,3.65,4.06,64.0,52.0,56.0,58.0,60.0,63.0,63.0,63.1,63.7,64.0,64.0,64.0,64.0,64.2,64.5,64.8,65.0,68.0,70.9,75.9,301.43,4,104
2026101421,33,3.11,5.24,1.53,2.32,3.61,5.03,5.09,5.15,5.2,5.21,5.23,5.24,5.51,5.66,5.75,5.92,6.69,7.14,7.62,8.92,10.14,0.88,1.18,1.54,2.01,2.22,2.57,2.88,3.09,3.09,3.11,3.27,3.7,3.7,3.7,3.7,3.72,3.73,3.75,3.85,67.0,58.0,61.0,63.0,64.0,65.0,65.0,65.5,66.0,67.0,67.0,67.0,67.0,67.3,67.6,67.9,69.4,72.0,74.3,80.0,300.54,4,104
2026101422,37,2.62,5.09,1.63,2.48,3.62,4.89,4.89,4.89,4.9,4.96,5.02,5.09,5.12,5.16,5.25,6.28,6.69,7.14,7.72,8.92,10.17,0.98,1.29,1.54,1.9,2.13,2.42,2.57,2.57,2.6,2.62,3.1,3.4,3.4,3.4,3.4,3.43,3.46,3.49,3.84,71.4,64.0,66.0,67.6,69.0,71.0,71.0,71.0,71.0,71.1,71.4,71.7,72.0,72.0,72.0,72.6,74.0,77.0,79.0,84.7,299.43,4,104
2026101423,41,2.62,4.63,1.74,2.29,3.81,4.11,4.26,4.41,4.49,4.52,4.55,4.63,4.63,4.64,4.67,6.29,6.87,7.09,7.61,8.61,10.14,0.96,1.39,1.7,1.88,2.01,2.21,2.57,2.57,2.59,2.62,2.84,2.85,2.87,2.88,2.9,2.91,2.93,3.17,3.71,76.0,69.0,71.0,74.0,75.0,76.0,76.0,76.0,76.0,76.0,76.0,76.0,76.0,76.3,76.6,76.9,79.0,82.0,85.0,88.9,298.46,4,104
2026101500,43,2.37,4.16,1.84,2.32,3.71,3.95,4.12,4.12,4.12,4.12,4.12,4.16,4.28,4.4,4.52,6.13,6.64,6.99,7.41,8.2,9.96,1.02,1.39,1.54,1.84,1.9,2.03,2.06,2.09,2.16,2.37,2.52,2.52,2.52,2.52,2.54,2.56,2.57,2.98,3.7,80.5,72.0,75.0,78.0,80.0,80.0,80.0,80.0,80.0,80.2,80.5,80.8,82.0,82.0,82.0,82.1,82.7,85.1,88.2,92.0,297.59,4,104
2026101501,41,2.29,4.15,1.57,2.01,2.7,3.77,3.81,3.85,3.89,3.95,4.05,4.15,4.25,4.61,5.85,6.22,6.48,6.69,7.45,7.95,10.11,1.03,1.2,1.34,1.49,1.72,1.95,2.06,2.21,2.27,2.29,2.3,2.31,2.33,2.36,2.39,2.41,2.67,2.97,3.69,81.4,72.0,76.3,79.0,81.0,81.0,81.0,81.0,81.0,81.2,81.4,81.7,81.9,82.0,83.0,84.0,86.0,88.0,91.0,95.1,297.17,3,103
2026101502,41,2.11,3.92,1.39,1.9,2.56,3.81,3.81,3.81,3.81,3.82,3.87,3.92,3.97,4.44,5.34,5.68,6.02,6.38,6.79,7.2,9.79,0.9,1.08,1.28,1.44,1.59,1.71,1.91,2.11,2.11,2.11,2.11,2.12,2.14,2.17,2.19,2.21,2.46,2.85,3.52,82.4,75.0,78.0,81.0,82.0,82.0,82.0,82.0,82.0,82.2,82.4,82.7,82.9,84.0,85.0,85.0,87.0,89.0,91.8,96.0,297.06,3,103
2026101503,39,2.01,3.84,1.26,1.85,2.46,3.41,3.49,3.56,3.64,3.71,3.78,3.84,3.91,4.01,4.67,5.09,5.4,5.71,6.24,6.95,9.76,0.82,0.93,1.14,1.34,1.49,1.7,1.84,2.01,2.01,2.01,2.01,2.01,2.03,2.04,2.05,2.14,2.42,2.78,3.83,82.6,78.0,80.0,81.2,82.0,82.0,82.0,82.0,82.1,82.4,82.6,82.9,83.0,85.0,86.0,86.0,88.0,91.0,91.3,95.3,296.99,3,103
2026101504,38,1.9,3.84,1.29,1.75,2.47,3.5,3.81,3.81,3.81,3.81,3.82,3.84,3.87,3.89,3.91,4.48,4.78,5.09,5.68,6.38,9.11,0.66,0.98,1.21,1.34,1.49,1.66,1.8,1.9,1.9,1.9,1.9,1.94,1.99,2.04,2.09,2.21,2.42,2.83,3.86,83.6,78.2,81.0,82.0,83.0,83.0,83.0,83.0,83.1,83.4,83.6,83.9,84.0,85.5,86.0,87.0,89.0,90.0,92.0,95.1,296.82,3,103
2026101505,37,1.8,3.81,1.34,2.01,2.56,2.98,3.43,3.81,3.81,3.81,3.81,3.81,3.84,3.86,3.89,3.93,4.22,4.48,5.11,6.1,8.07,0.51,0.98,1.34,1.39,1.49,1.75,1.8,1.8,1.8,1.8,1.81,1.82,1.84,1.85,2.01,2.19,2.57,2.87,3.86,84.5,79.2,82.0,83.0,84.0,84.0,84.0,84.0,84.0,84.2,84.5,84.7,85.0,86.0,87.0,88.0,89.0,90.5,93.0,96.0,296.76,3,103
2026101506,36,1.9,3.77,1.39,1.85,2.32,2.71,3.09,3.4,3.67,3.72,3.75,3.77,3.8,3.81,3.83,3.84,3.85,4.06,4.66,5.89,7.29,0.63,0.93,1.28,1.39,1.57,1.85,1.9,1.9,1.9,1.9,1.91,1.92,1.93,1.95,2.07,2.32,2.69,2.92,3.82,84.6,80.2,82.0,84.0,84.0,84.0,84.0,84.0,84.1,84.3,84.6,84.8,85.0,87.0,87.0,88.0,89.0,91.0,93.3,97.0,296.7,3,103
2026101507,31,2.11,3.81,1.38,1.85,2.11,2.57,2.88,3.11,3.49,3.81,3.81,3.81,3.81,3.81,3.83,3.86,3.88,3.91,4.54,5.61,7.06,0.41,0.95,1.29,1.36,1.59,1.8,2.05,2.11,2.11,2.11,2.11,2.12,2.13,2.14,2.16,2.35,2.67,2.93,3.76,85.6,81.0,83.0,85.0,85.0,85.0,85.0,85.0,85.1,85.3,85.6,85.8,86.0,88.0,88.3,90.0,90.0,93.0,94.3,97.1,296.54,3,103
2026101508,28,2.52,3.91,1.44,1.85,2.01,2.44,2.69,3.01,3.29,3.91,3.91,3.91,3.91,3.91,3.94,3.96,3.99,4.01,4.48,5.4,6.75,0.66,0.93,1.23,1.36,1.59,1.9,2.01,2.21,2.52,2.52,2.52,2.52,2.52,2.53,2.55,2.56,2.57,2.97,3.73,85.8,80.4,83.0,85.0,85.0,85.0,85.0,85.0,85.3,85.5,85.8,86.0,87.7,88.0,90.0,91.2,92.0,94.0,96.3,98.1,296.37,3,103
2026101509,25,2.88,3.91,1.4,1.85,2.01,2.35,2.68,2.98,3.34,3.91,3.91,3.91,3.91,3.91,3.93,3.96,3.98,4.01,4.44,5.35,6.55,0.72,0.98,1.23,1.42,1.7,1.85,2.11,2.37,2.57,2.88,2.88,2.88,2.88,2.89,2.91,2.94,2.96,3.02,3.94,86.8,80.0,84.0,86.0,86.0,86.0,86.0,86.0,86.3,86.5,86.8,87.0,88.0,89.0,91.0,92.0,94.0,95.0,98.0,99.8,296.15,3,103
2026101510,23,3.19,4.01,1.61,1.8,2.11,2.35,2.62,2.98,3.3,3.76,4.01,4.01,4.01,4.01,4.03,4.06,4.08,4.11,4.48,5.45,6.43,0.84,1.08,1.29,1.59,1.75,1.9,2.11,2.42,2.72,3.19,3.29,3.29,3.29,3.29,3.3,3.32,3.33,3.34,3.82,87.7,78.0,84.0,87.0,87.0,87.0,87.0,87.0,87.2,87.5,87.7,88.0,88.0,90.0,91.0,93.0,95.0,97.0,98.0,100.0,296.0,3,103
2026101511,22,3.38,4.15,1.56,1.9,2.3,2.42,2.52,3.04,3.48,4.01,4.13,4.15,4.18,4.2,4.23,4.25,4.28,4.3,4.73,6.22,6.52,0.93,1.23,1.49,1.75,1.8,2.01,2.22,2.52,2.91,3.38,3.65,3.67,3.68,3.69,3.71,3.72,3.73,3.74,3.83,86.7,76.4,83.0,86.0,86.0,86.0,86.0,86.0,86.2,86.5,86.7,87.0,88.0,89.5,92.0,92.8,96.0,97.0,98.3,100.0,296.05,3,103
2026101512,22,3.58,4.42,1.71,2.01,2.38,2.6,2.78,3.19,3.7,4.27,4.42,4.42,4.42,4.42,4.43,4.45,4.46,4.47,4.81,6.52,7.05,0.85,1.35,1.69,1.75,1.9,2.01,2.25,2.62,3.06,3.58,3.97,4.01,4.01,4.01,4.01,4.16,4.32,4.49,4.65,85.7,74.4,82.0,85.0,85.0,85.0,85.0,85.0,85.2,85.4,85.7,85.9,87.0,88.0,90.0,92.0,95.0,96.0,97.0,98.0,296.33,3,103
2026101513,27,3.86,4.68,1.66,2.06,2.56,2.95,3.28,3.69,4.14,4.68,4.68,4.68,4.68,4.69,4.74,4.79,4.84,4.89,5.39,6.87,7.82,0.91,1.22,1.59,1.77,1.9,2.02,2.41,2.86,3.1,3.86,3.97,4.04,4.1,4.16,4.22,4.23,4.24,4.26,4.3,82.6,71.0,79.0,81.0,82.0,82.0,82.0,82.0,82.1,82.3,82.6,82.8,83.0,85.0,87.0,89.0,91.0,92.0,92.0,93.0,297.01,3,103
2026101514,31,4.0,5.2,1.4,2.06,2.84,3.29,3.85,4.27,5.04,5.2,5.2,5.2,5.2,5.21,5.24,5.26,5.29,5.45,6.28,7.36,8.33,0.61,1.08,1.44,1.73,2.07,2.21,2.47,2.98,3.29,4.0,4.32,4.32,4.32,4.32,4.33,4.42,4.51,4.59,4.72,77.5,68.5,74.0,76.0,77.0,77.0,77.0,77.0,77.0,77.3,77.5,77.8,78.0,80.0,81.0,83.0,85.0,85.0,87.0,89.0,297.95,3,103
2026101515,36,4.31,5.71,1.29,2.37,3.09,3.6,4.37,5.02,5.71,5.71,5.71,5.71,5.71,5.74,5.76,5.79,5.81,6.22,7.31,7.79,8.91,0.69,0.89,1.27,1.89,2.21,2.38,2.77,3.22,3.6,4.31,4.38,4.4,4.41,4.42,4.44,4.47,4.49,4.52,5.05,72.5,64.0,69.0,71.0,72.0,72.0,72.0,72.0,72.0,72.2,72.5,72.7,73.0,73.0,75.0,77.0,78.5,80.0,82.0,86.7,299.08,3,103
2026101516,40,4.46,6.22,1.36,2.52,3.32,3.84,4.88,5.74,6.22,6.22,6.22,6.22,6.23,6.29,6.36,6.42,6.51,7.1,8.04,8.62,9.73,0.71,1.03,1.48,2.01,2.48,2.62,3.14,3.55,3.88,4.46,4.48,4.48,4.48,4.48,4.54,4.62,4.7,4.77,5.36,67.3,59.2,63.0,64.2,66.0,67.0,67.0,67.0,67.0,67.0,67.3,67.5,67.8,68.0,69.0,71.0,74.0,76.0,79.0,83.0,300.17,3,103
2026101517,43,4.34,6.58,1.61,2.62,3.73,4.37,5.62,6.38,6.58,6.58,6.58,6.58,6.6,6.62,6.65,6.67,7.24,8.18,8.69,9.47,10.51,0.87,1.13,1.8,2.32,2.62,2.85,3.4,3.74,4.12,4.34,4.38,4.42,4.46,4.49,4.51,4.54,4.57,4.76,5.67,63.0,54.0,57.0,59.0,61.0,62.0,63.0,63.0,63.0,63.0,63.0,63.3,63.5,63.8,64.0,65.0,69.0,71.0,75.0,81.0,301.02,3,103
2026101518,46,4.43,6.89,1.79,2.78,4.05,4.68,5.92,6.76,6.89,6.89,6.89,6.89,6.95,7.02,7.1,7.18,7.92,8.59,9.49,10.03,11.32,0.95,1.47,2.05,2.5,2.71,3.0,3.55,3.96,4.32,4.43,4.45,4.46,4.47,4.48,4.5,4.51,4.52,5.04,5.87,61.0,51.0,53.3,57.0,58.0,60.0,61.0,61.0,61.0,61.0,61.0,61.1,61.4,61.6,61.9,63.0,66.0,69.0,73.0,81.0,301.35,3,103
2026101519,48,4.44,7.0,1.83,2.78,4.09,5.2,6.24,7.0,7.0,7.0,7.0,7.0,7.02,7.05,7.07,7.1,8.3,9.11,9.81,10.39,11.79,1.16,1.66,2.19,2.42,2.68,3.06,3.6,4.01,4.42,4.44,4.45,4.46,4.47,4.49,4.5,4.51,4.53,4.78,5.89,62.0,51.5,55.0,58.0,59.7,61.0,62.0,62.0,62.0,62.0,62.0,62.2,62.4,62.7,62.9,64.0,67.0,71.0,74.3,81.1,301.2,3,103
2026101520,48,4.48,7.01,1.98,2.78,4.01,5.61,6.49,6.83,6.88,6.93,6.98,7.01,7.04,7.06,7.09,7.31,8.41,9.31,9.92,10.39,12.12,1.28,1.82,2.11,2.37,2.62,2.98,3.5,3.86,4.34,4.48,4.48,4.48,4.48,4.48,4.49,4.51,4.52,4.66,5.71,64.1,55.0,59.0,61.2,63.0,64.0,64.0,64.0,64.0,64.0,64.1,64.4,64.6,64.9,66.0,67.0,69.0,74.0,77.0,82.2,300.52,3,103
2026101521,49,4.42,6.94,2.12,2.98,3.95,6.22,6.66,6.81,6.84,6.86,6.89,6.94,6.99,7.04,7.09,7.51,8.42,9.41,10.02,10.39,12.4,1.49,1.92,2.09,2.26,2.55,2.92,3.19,3.83,4.15,4.42,4.42,4.42,4.42,4.43,4.44,4.45,4.46,4.49,5.65,68.0,59.2,64.0,65.0,67.0,68.0,68.0,68.0,68.0,68.0,68.0,68.3,68.5,68.8,69.0,71.6,73.0,78.0,81.0,82.8,299.82,3,103
2026101522,49,4.36,6.73,2.07,3.09,4.0,6.28,6.44,6.52,6.59,6.67,6.71,6.73,6.76,6.78,6.99,7.53,8.24,9.31,10.08,10.39,12.21,1.59,1.82,2.07,2.26,2.51,2.78,3.07,3.7,4.01,4.36,4.38,4.4,4.41,4.42,4.45,4.47,4.5,4.52,5.8,72.1,62.5,68.0,69.0,71.0,72.0,72.0,72.0,72.0,72.0,72.1,72.3,72.6,72.8,73.0,76.0,78.0,81.5,84.0,87.1,298.97,3,103
2026101523,49,4.29,6.55,2.02,2.98,4.18,6.22,6.44,6.45,6.47,6.48,6.51,6.55,6.59,6.63,7.2,7.59,8.13,9.21,10.08,10.47,11.88,1.44,1.77,2.0,2.21,2.52,2.8,2.97,3.55,3.87,4.29,4.32,4.32,4.32,4.32,4.36,4.39,4.43,4.47,5.68,76.4,67.0,71.0,73.0,75.0,76.0,76.0,76.0,76.0,76.2,76.4,76.6,76.9,77.0,78.0,80.0,83.0,85.0,87.0,92.3,297.92,3,103
2026101600,50,4.22,6.4,2.12,3.04,4.06,6.05,6.14,6.22,6.3,6.37,6.39,6.4,6.42,6.43,7.18,7.41,8.1,9.0,9.66,10.26,11.53,1.39,1.59,2.11,2.26,2.39,2.62,3.03,3.34,3.77,4.22,4.22,4.22,4.22,4.22,4.24,4.27,4.29,4.32,5.56,79.4,69.0,73.0,76.0,78.7,79.0,79.0,79.0,79.0,79.2,79.4,79.6,79.9,80.9,83.0,83.1,85.5,89.0,90.0,95.3,297.36,3,103
2026101601,51,4.02,6.36,2.02,3.14,3.9,6.02,6.28,6.28,6.28,6.28,6.31,6.36,6.41,6.46,6.69,7.1,7.72,8.63,9.21,10.01,11.11,1.29,1.53,2.01,2.26,2.37,2.55,2.96,3.29,3.56,4.02,4.04,4.07,4.1,4.12,4.13,4.14,4.16,4.21,5.31,81.4,71.0,75.0,77.8,80.0,81.0,81.0,81.0,81.0,81.1,81.4,81.6,81.9,82.0,84.0,86.0,88.0,90.0,92.0,96.3,297.03,3,103
2026101602,53,3.77,6.14,1.93,2.98,3.72,5.71,6.12,6.12,6.12,6.12,6.12,6.14,6.16,6.19,6.21,6.58,7.16,8.28,8.59,9.71,10.65,1.17,1.47,1.96,2.21,2.37,2.57,2.88,3.29,3.5,3.77,3.81,3.85,3.89,3.92,3.94,3.97,3.99,4.1,5.25,81.5,70.0,76.0,79.0,81.0,81.0,81.0,81.0,81.0,81.3,81.5,81.8,82.0,83.0,85.0,87.0,88.0,90.0,92.8,96.3,296.91,3,103
2026101603,55,3.7,6.03,1.85,2.93,3.97,4.92,5.61,6.02,6.02,6.02,6.02,6.03,6.05,6.08,6.1,6.12,6.64,7.56,8.07,9.29,10.44,1.12,1.44,1.8,2.08,2.32,2.61,2.83,3.29,3.67,3.7,3.7,3.7,3.7,3.72,3.73,3.74,3.75,4.01,5.1,82.5,70.0,77.0,80.2,82.0,82.0,82.0,82.0,82.0,82.2,82.5,82.7,83.0,84.0,86.0,88.0,89.0,91.0,93.5,97.1,296.84,3,103
2026101604,57,3.5,5.81,1.81,2.88,3.82,4.48,5.09,5.58,5.77,5.78,5.79,5.81,5.83,5.85,5.88,5.9,6.26,7.0,7.61,8.67,10.01,1.11,1.45,1.73,2.04,2.42,2.62,2.93,3.27,3.5,3.5,3.5,3.5,3.51,3.53,3.56,3.58,3.65,4.08,5.07,82.5,70.9,77.0,81.0,82.0,82.0,82.0,82.0,82.0,82.2,82.5,82.7,83.0,85.0,87.0,88.0,89.0,91.0,94.0,98.0,296.84,3,103
2026101605,58,3.29,5.71,1.71,2.76,3.41,3.86,4.6,5.09,5.71,5.71,5.71,5.71,5.71,5.73,5.74,5.75,6.0,6.45,7.19,7.92,9.12,1.13,1.44,1.71,2.06,2.52,2.68,2.99,3.24,3.29,3.29,3.29,3.29,3.3,3.32,3.33,3.34,3.88,4.13,5.04,83.4,70.0,77.0,81.0,82.7,83.0,83.0,83.0,83.0,83.2,83.4,83.7,83.9,85.5,87.0,88.2,90.0,91.5,94.8,97.0,296.89,3,103
2026101606,59,3.27,5.58,1.57,2.52,2.99,3.65,4.28,4.68,5.51,5.53,5.56,5.58,5.61,5.62,5.63,5.64,5.66,6.12,6.69,7.72,9.19,1.03,1.44,1.75,2.06,2.47,2.73,3.1,3.24,3.26,3.27,3.28,3.29,3.31,3.32,3.33,3.34,3.76,4.17,5.01,83.5,70.0,76.2,81.0,83.0,83.0,83.0,83.0,83.0,83.2,83.5,83.7,84.0,85.5,87.3,89.0,90.0,92.0,94.8,97.1,296.86,3,103
2026101607,57,3.4,5.47,1.66,2.42,2.86,3.58,4.01,4.42,5.38,5.42,5.45,5.47,5.5,5.52,5.55,5.57,5.6,5.95,6.37,7.43,9.14,1.03,1.49,1.74,2.11,2.34,2.61,3.04,3.4,3.4,3.4,3.4,3.4,3.41,3.42,3.43,3.45,3.6,4.22,4.94,84.4,70.0,78.0,81.8,84.0,84.0,84.0,84.0,84.0,84.2,84.4,84.7,84.9,86.0,88.0,90.0,91.0,93.0,94.3,98.0,296.73,3,103
2026101608,54,3.47,5.33,1.53,2.11,2.88,3.46,3.81,4.17,4.97,5.23,5.28,5.33,5.38,5.43,5.48,5.53,5.58,5.81,6.12,7.1,8.64,0.82,1.34,1.65,1.9,2.21,2.52,2.93,3.29,3.45,3.47,3.48,3.49,3.5,3.52,3.53,3.54,3.6,4.13,4.76,84.6,72.0,79.0,83.0,84.0,84.0,84.0,84.0,84.1,84.3,84.6,84.8,85.0,87.0,89.0,90.0,92.0,94.0,95.0,99.0,296.56,3,103
