ValidTime,WDIR_10 m above ground,WIND_10 m above ground,GUST_10 m above ground,RH_2 m above ground,TMP_2 m above ground
2026100302,90,2.68,5.4,93,298.32
2026100303,100,2.78,5.5,93,298.43
2026100304,100,2.88,5.71,92,298.43
2026100305,110,2.88,5.71,93,298.43
2026100306,120,2.98,5.92,92,298.48
2026100307,110,2.98,6.02,91,298.43
2026100308,120,2.98,5.92,91,298.32
2026100309,120,3.09,5.71,91,298.32
2026100310,110,2.88,5.3,91,298.32
2026100311,120,2.88,4.99,92,298.32
2026100312,130,3.09,4.89,90,299.09
2026100313,120,3.29,5.2,87,300.71
2026100314,130,3.7,5.71,81,301.71
2026100315,130,4.12,6.28,81,302.21
2026100316,130,4.42,6.79,78,302.59
2026100317,120,4.42,7.1,78,302.71
2026100318,120,4.42,7.1,78,302.71
2026100319,120,4.48,7.51,76,302.71
2026100320,120,4.68,7.61,78,302.48
2026100321,120,4.42,7.31,77,301.93
2026100322,110,3.91,6.79,80,301.09
2026100323,110,3.4,6.28,84,300.21
2026100400,110,3.09,5.92,86,299.32
2026100401,120,2.88,5.81,88,298.93
2026100402,110,2.78,5.71,88,298.93
2026100403,110,2.78,5.61,89,298.93
2026100404,110,2.88,5.81,88,298.98
2026100405,110,2.78,5.5,88,298.98
2026100406,130,2.88,5.71,88,298.93
2026100407,140,2.98,5.71,88,298.93
2026100408,120,2.98,5.5,87,298.82
2026100409,120,2.98,5.3,88,298.59
2026100410,130,2.98,5.09,88,298.59
2026100411,130,2.78,4.78,89,298.43
2026100412,120,2.88,4.58,88,299.21
2026100413,127,3.29,5.09,85,300.26
2026100414,133,3.81,5.92,80,301.65
2026100415,140,4.22,6.48,76,302.71
2026100416,137,4.32,6.79,74,303.21
2026100417,133,4.32,6.79,73,303.43
2026100418,130,4.32,6.79,72,303.43
2026100419,130,4.32,6.58,72,303.21
2026100420,130,4.22,6.28,73,302.82
2026100421,130,4.01,5.92,75,302.21
2026100422,130,3.5,5.3,79,301.21
2026100423,130,2.78,4.68,83,300.04
2026100500,130,2.21,4.22,87,299.09
2026100501,133,2.01,4.01,89,298.65
2026100502,137,1.9,4.01,91,298.48
2026100503,140,1.8,3.91,92,298.32
2026100504,147,1.59,3.7,93,298.15
2026100505,153,1.39,3.4,93,298.04
2026100506,160,1.29,3.19,93,297.93
2026100507,170,1.29,3.19,94,297.65
2026100508,180,1.39,3.19,94,297.43
2026100509,190,1.49,3.19,95,297.21
2026100510,197,1.59,3.09,96,297.04
2026100511,203,1.59,2.98,97,296.98
2026100512,210,1.8,3.09,96,297.43
2026100513,207,2.21,3.5,91,298.76
2026100514,203,2.62,4.01,84,300.54
2026100515,200,2.88,4.32,78,301.98
2026100516,190,2.78,4.22,74,302.82
2026100517,180,2.62,3.91,72,303.26
2026100518,170,2.42,3.7,71,303.32
2026100519,153,2.42,3.7,72,302.98
2026100520,137,2.32,3.7,75,302.21
2026100521,120,2.11,3.6,79,301.32
2026100522,133,1.49,3.09,84,300.15
2026100523,147,0.62,2.52,89,298.87
2026100607,177,0.51,2.32,98,296.43
2026100608,193,1.08,2.88,99,296.21
2026100609,210,1.59,3.29,99,296.09
2026100610,217,1.8,3.4,99,296.04
2026100611,223,2.01,3.29,99,296.15
2026100612,230,2.11,3.29,98,296.59
2026100613,227,2.32,3.5,94,297.76
2026100614,223,2.52,3.81,88,299.32
2026100615,220,2.62,4.01,84,300.48
2026100616,237,2.62,4.12,82,300.98
2026100617,253,2.42,4.12,80,301.21
2026100618,270,2.32,4.01,80,301.09
2026100619,287,2.21,3.91,81,300.82
2026100620,303,2.21,3.81,83,300.32
2026100621,320,2.11,3.6,86,299.59
2026100622,310,1.9,3.4,89,298.59
2026100623,300,1.7,3.19,93,297.48
2026100700,290,1.39,2.98,96,296.59
2026100701,287,0.87,2.78,98,296.26
2026100702,283,0.31,2.62,99,296.15
2026100704,273,0.21,2.52,99,296.09
2026100705,267,0.72,2.62,98,296.15
2026100706,260,1.18,2.88,98,296.09
2026100707,260,1.7,3.4,99,295.87
2026100708,260,2.21,4.01,100,295.48
2026100709,260,2.68,4.48,100,295.32
2026100710,267,3.09,4.58,100,295.37
2026100711,273,3.4,4.58,100,295.65
2026100712,280,3.7,4.68,98,296.21
2026100713,287,3.81,5.09,94,297.37
2026100714,293,3.91,5.61,88,298.82
2026100715,300,3.91,6.02,84,299.93
2026100716,307,3.81,6.12,81,300.48
2026100717,313,3.7,6.02,80,300.59
2026100718,320,3.6,6.02,79,300.59
2026100719,330,3.7,6.22,80,300.43
2026100720,340,3.91,6.38,82,299.98
2026100721,350,4.01,6.48,84,299.43
2026100722,353,3.7,6.22,87,298.48
2026100723,357,3.29,5.71,91,297.37
2026100800,0,2.98,5.4,94,296.48
2026100801,0,2.88,5.4,96,296.15
2026100802,0,2.98,5.61,97,296.04
2026100803,0,2.98,5.61,97,295.98
2026100804,357,2.78,5.2,97,295.98
2026100805,353,2.62,4.58,96,296.09
2026100806,350,2.52,4.32,96,296.09
2026100807,353,2.78,4.48,96,295.98
2026100808,357,3.29,4.99,97,295.71
2026100809,0,3.81,5.4,97,295.59
2026100810,3,4.32,5.5,97,295.65
2026100811,7,4.78,5.5,97,295.87
2026100812,10,5.09,5.71,95,296.43
2026100813,17,5.2,6.22,91,297.54
2026100814,23,5.2,6.89,86,298.98
2026100815,30,5.09,7.41,82,300.09
2026100816,30,4.99,7.51,80,300.54
2026100817,30,4.89,7.51,79,300.59
2026100818,30,4.78,7.51,79,300.48
2026100819,33,4.99,7.82,79,300.37
2026100820,37,5.2,8.18,79,300.09
2026100821,40,5.2,8.18,81,299.59
2026100822,43,4.68,7.41,84,298.71
2026100823,47,3.91,6.22,89,297.65
2026100900,50,3.29,5.3,92,296.82
2026100901,53,2.98,4.99,94,296.48
2026100902,57,2.88,4.99,95,296.43
2026100903,60,2.78,4.89,95,296.43
2026100904,57,2.62,4.68,95,296.43
2026100905,53,2.42,4.42,94,296.48
2026100906,50,2.32,4.22,94,296.48
2026100907,50,2.42,4.22,94,296.32
2026100908,50,2.52,4.22,95,295.98
2026100909,50,2.68,4.32,95,295.93
2026100910,50,2.88,4.42,95,295.98
2026100911,50,3.19,4.42,95,296.15
2026100912,50,3.5,4.58,94,296.71
2026100913,57,3.81,4.89,90,297.87
2026100914,63,4.01,5.4,85,299.32
2026100915,70,4.22,5.81,81,300.43
2026100916,67,4.32,6.22,79,300.87
2026100917,63,4.32,6.48,78,300.98
2026100918,60,4.32,6.79,78,300.93
2026100919,60,4.42,7.0,78,300.87
2026100920,60,4.58,7.2,78,300.65
2026100921,60,4.58,7.1,79,300.21
2026100922,60,4.22,6.69,83,299.26
2026100923,60,3.7,6.12,87,298.09
2026101000,60,3.19,5.61,91,297.21
2026101001,63,2.98,5.4,93,296.93
2026101002,67,2.88,5.2,94,296.93
2026101003,70,2.78,5.09,94,296.93
2026101004,73,2.68,4.89,94,296.93
2026101005,77,2.52,4.58,94,296.98
2026101006,80,2.52,4.48,94,296.93
2026101007,77,2.68,4.58,94,296.71
2026101008,73,2.98,4.89,95,296.48
2026101009,70,3.29,5.2,95,296.43
2026101010,70,3.6,5.3,95,296.48
2026101011,70,3.91,5.5,95,296.76
2026101012,70,4.22,5.71,94,297.32
2026101013,73,4.48,6.12,90,298.43
2026101014,77,4.68,6.58,86,299.87
2026101015,80,4.89,7.2,82,300.93
2026101016,80,5.09,7.82,81,301.32
2026101017,80,5.3,8.49,82,301.32
2026101018,80,5.5,9.21,82,301.21
2026101019,80,5.92,9.98,82,301.09
2026101020,80,6.38,10.7,81,300.98
2026101021,80,6.48,10.91,82,300.48
2026101022,80,4.99,8.28,89,298.82
2026101023,80,4.78,7.92,91,298.09
2026101100,80,4.58,7.61,92,297.59
2026101101,82,4.48,7.41,93,297.43
2026101102,83,4.32,7.31,93,297.37
2026101103,85,4.22,7.2,93,297.37
2026101104,87,4.01,7.1,92,297.48
2026101105,88,3.91,7.0,92,297.54
2026101106,90,3.91,6.89,92,297.59
2026101107,92,3.91,6.69,92,297.54
2026101108,93,4.01,6.58,93,297.48
2026101109,95,4.22,6.38,94,297.43
2026101110,97,4.32,6.22,94,297.37
2026101111,98,4.48,6.12,95,297.48
2026101112,100,4.58,6.22,94,297.71
2026101113,100,4.78,6.38,92,298.26
2026101114,100,4.99,6.89,90,299.04
2026101115,100,5.2,7.41,86,299.98
2026101116,100,5.3,7.92,83,300.82
2026101117,100,5.4,8.28,81,301.48
2026101118,100,5.4,8.39,80,301.71
2026101119,100,5.2,8.28,80,301.48
2026101120,100,4.89,8.03,82,300.93
2026101121,100,4.42,7.51,84,300.09
2026101122,100,4.01,7.0,87,299.21
2026101123,100,3.6,6.58,89,298.48
2026101200,100,3.29,6.22,91,297.93
2026101201,108,3.09,5.92,92,297.59
2026101202,117,2.88,5.71,93,297.48
